"","GSM856203","GSM856204","GSM856205","GSM856206","GSM856207","GSM856208","GSM856209","GSM856210","GSM856211","GSM856212","GSM856213","GSM856214","GSM856215","GSM856216","GSM856217","GSM856218","GSM856219","GSM856220","GSM856221","GSM856222","GSM856223","GSM856224","GSM856225","GSM856226","GSM856227","GSM856228","GSM856229","GSM856230","GSM856231","GSM856232","GSM856233","GSM856234","GSM856235","GSM856236","GSM856237","GSM856238","GSM856239","GSM856240","GSM856241","GSM856242","GSM856243","GSM856244","GSM856245","GSM856246","GSM856247","GSM856248","GSM856249","GSM856250","GSM856251","GSM856252","GSM856253","GSM856254","GSM856255","GSM856256","GSM856257","GSM856258","GSM856259","GSM856260","GSM856261","GSM856262","GSM856263","GSM856264","GSM856265","GSM856266","GSM856267","GSM856268","GSM856269","GSM856270","GSM856271","GSM856272","GSM856273","GSM856274","GSM856275","GSM856276","GSM856277","GSM856278","GSM856279","GSM856280"
"SERPINF1",43.7,17.3,23.1,17.5,16.5,12.7,28.7,17.4,30.8,51,97.7,163.9,80,24.5,52.6,248.9,57.6,17.6,128.8,179.6,224.3,113.9,42.2,96,16.6,118.8,281.3,329.9,160.4,1938,1846,17.5,1370,173.8,391.5,1719,737.7,280.4,199.8,134.2,23.7,92.6,11,88.5,282.1,184,182.2,178.9,187.6,122.2,36.8,102.4,36.7,152.3,96.9,124.3,193.4,179.8,118.1,26.9,213.7,49.2,51.1,149.6,49,199.8,118.2,33.4,2294,706.5,999.6,362.1,299.7,36.9,683.3,327.3,642.1,711.7
"ITM2A",1959,721.3,902.9,1985,3653,2559,2352,697,1042,541.9,1028,839.3,1557,600.8,1880,1282,2077,980.9,3897,373.7,720.1,304.5,1191,1240,203.6,396,256.3,398.3,502.9,1228,13982,7436,9340,7596,7463,2687,999.7,1758,3947,2370,1450,756,2292,230.6,445.8,286.1,2454,477.2,391.7,340.6,301.7,1108,1306,166.5,482.6,148.9,264.8,174,108.6,258,144.8,7998,2052,1052,2879,678.5,1146,1758,3030,246.4,7393,9088,360.5,597.3,1390,1878,10201,3006
"ITM2A-2",2215,1142,1154,2091,3691,2828,2232,808.7,1456,855.3,2448,1241,1284,507.6,2980,1504,2230,1011,5341,582.3,1523,441.1,1067,1487,305.2,450.2,570.2,161.9,688.8,1451,20298,11006,11935,11000,11047,3133,897.9,2093,6408,4763,616.1,1368,2418,209.1,536.5,454.2,3111,731.3,518.4,939.4,325.1,1914,1285,261.1,799.4,144.6,518.6,247.6,142.2,195.7,288.2,11487,2238,1312,5367,1293,2220,2557,3477,484.8,11540,13028,604.9,837.3,1525,3004,11186,3566
"GYPC",1024,1377,1170,815.6,3161,1149,698.3,745.1,1103,3492,1724,1863,1866,512.2,1015,1568,4247,800.4,11125,521.2,1366,528.4,802.4,2215,502.3,5105,1212,639.7,724.6,2542,9530,12611,8739,5516,11200,2446,5735,845.6,4939,5593,1586,2127,2738,6164,3350,954.7,772.9,947.1,1484,946.7,1453,1140,811.1,614.3,755.7,695.4,572.4,2288,416.8,1545,655.3,1013,6551,1262,1757,1158,829,865.1,10312,10876,15969,8482,1158,551.1,1778,2127,11270,8947
"FECH",978.6,1053,1464,824.5,2271,576.3,937,1093,892.2,1436,434,627.7,838.7,749.9,1048,1350,1536,418.5,4089,767.8,611.6,561.9,770.8,1006,967.1,2422,1121,616.7,873.8,3256,4804,3478,4173,1440,4229,684.1,5548,584.9,1169,851.1,1337,980.8,453.4,4149,1956,535,833.8,841.6,748.2,668.5,474.2,770.9,667.9,757.6,894.2,789,724.7,1473,1150,718.6,574.2,1027,745.4,477.1,1268,830.5,837.6,1332,6104,2784,4844,1582,820.4,683.6,634.3,729.3,4978,988.4
"PPP1R26",327.9,184.6,758.4,500.8,303,160.8,494.5,722.6,379.1,279.9,295.5,308.5,248.9,364.1,350.2,149.6,284.7,279,97.3,189.3,178.7,262.3,499,365.1,283.5,403.5,249.3,258.6,327.5,48.1,100.3,13.3,195,109.2,192.8,13.3,37.5,29.3,56.2,86.9,376,255.1,190.7,223.4,111.9,276.8,351.6,184,183.1,247.2,320.6,210.6,215.5,222,175.9,345.9,200.8,272.8,275.9,296.3,216.4,122.4,42.8,214,393.1,277.1,156.9,211.8,20.8,19.9,268.7,79.6,137.1,19.6,104,48.9,150.2,9
"FZD6",117.6,28,37.2,26.2,26.2,53.7,18.8,81.9,112.1,85.6,87.7,8.3,56.8,116.6,99.3,104.8,49.1,103.6,73.1,104,86.2,110.1,49.5,51,30.1,40.7,109,29.2,29.2,282.5,367.7,915.5,205.4,85.1,36.9,84.2,128.9,65.5,80.7,173.3,78.6,77.1,6.9,54.5,47.1,61.2,130.6,108.7,58.4,33.6,54.9,71.6,29.4,28.1,44,23.1,58.6,77.1,43.6,51.3,37.6,95.6,56,183.2,45.4,54.6,98.9,117.3,51.3,69.3,656.2,80.6,63.2,80.7,375.1,117.8,56.1,95.8
"MEIS1",2350,1193,1964,1476,2016,2198,1044,1223,2139,1663,2851,1495,2483,2031,1897,2868,1396,5212,2794,512.7,634.4,1593,2540,1673,683.4,863.2,424.2,433.1,452.1,160.8,46.7,44,8.8,56.7,93.5,166,178.9,336.6,5,958,2785,705.1,1883,602.5,1990,981,1382,499.5,924.3,337.6,414.5,913.3,1112,1259,2090,974.6,278.1,698.1,742,326.8,284.1,503.8,1118,1241,939.2,390.5,855.3,930.5,86.9,127.7,46.8,94.3,118.1,670.9,372.3,482.1,33.3,55.1
"PBX3",2359,2760,1929,1780,1399,2669,2008,2416,1513,2647,588.3,1845,2062,2430,2693,2396,3101,2511,2026,1471,1595,2614,2335,2056,1938,2361,1315,1793,2004,743.1,389.6,48,500.8,265.8,167.6,27.8,474.7,1178,648.6,1822,3252,823.8,1860,1235,1223,1551,3384,1481,2505,1170,1565,1696,1359,1346,1870,3829,1387,1176,1960,1144,1688,724.9,2864,2008,3165,1208,1882,2034,485.7,867.6,461.3,319.4,1171,1144,996.3,594.1,278.3,480
"CDKN2C",432.7,660.6,160.4,204,360.2,164.4,67.1,120.8,367,160.4,239.1,83.6,246.8,172.1,276,716.1,678.1,166.9,372,382.3,212,267.3,194.4,212.9,210.9,419,783.2,336.9,576,469.8,1070,824.2,1618,1788,1104,1057,320.5,587.5,1149,595.4,126.4,1109,331.4,650.4,585.3,258.2,93.1,825.8,643.6,415,319.1,597.4,219,680.6,132.9,763.5,876.4,349.6,280.4,151.8,516.2,642.9,99,124.8,101.9,295.2,375.6,358.8,382.3,1128,1147,852.7,739.9,631.8,2143,1248,985.6,1349
"PROM1",65.4,35.9,67.8,65.3,223.7,90,194,153.9,231.1,109.4,11.7,169.8,74.8,280.7,67.5,647.8,508.1,22.7,4.2,366.3,122.3,90.8,24.3,215.6,121.8,790.4,235.7,217.5,286.3,1671,1498,2075,1567,1193,1698,1015,759.6,158.4,1904,181.6,940.1,771.2,66.1,296.1,634,516.4,74.7,264.1,111.6,324.4,184,175.4,1689,253.6,87.1,103.3,342.4,123,350.3,87.7,40.5,71.5,2645,541.5,1320,334.3,194.6,52.4,3029,769.9,3835,1927,482.8,1162,461.7,367.2,2610,1095
"ASB9",98.7,242.6,71.2,109.8,46.2,29.2,69,16,104,124.6,129,41.6,81.1,43.9,91.5,47.2,50.5,71.9,87.6,90.1,113.5,52.5,18.1,148.4,77,81.8,98,78.1,75.5,83.4,189.2,188.8,271.5,335.4,210.1,92.7,89.7,95.6,387.4,44.2,55.4,139.4,137.7,137.3,96.2,104.7,276.1,115.6,92.3,133,102.5,69.5,44.4,126.7,27.1,107.3,89.7,92.4,55.4,22,77.2,79.7,85.5,99.3,69.3,56.7,110.3,361.7,251.4,204.6,201.2,260.4,88.4,73.9,148.3,155.6,330.9,236.1
"SPIB",43.4,113.1,181.9,98.5,54.4,24.3,57,93.5,53.8,153.4,122.7,23.9,87.9,107.7,22.6,54.4,99.5,85.8,23.4,139.7,54.9,79.3,73.5,15,123.7,123,95.4,76.5,97.8,4447,69.6,108.3,35.5,30.1,68.3,229.7,256.8,161.2,112.8,69.4,103.4,35.9,91.6,72.1,93.6,54.6,91.7,95.8,121.2,81.2,97.8,49.2,139.5,84.6,53,88.9,79.3,121.9,146.5,28.9,21.5,101.8,65.8,206.4,83.1,64.6,115.7,41,345.1,60.8,87.2,17.4,16.7,132.8,114.3,115.6,60.8,105
"CTSE",112.6,76.3,276,105.8,307,126.8,147.7,153,117.5,121.3,98.9,54.2,165.7,111.7,219.1,218.1,74.9,140.3,82.5,124.5,115,123.3,95.6,244.3,143.3,191.7,163.3,190.9,182.5,106.3,666.1,143.4,2323,148.9,897,175.2,651.9,142.1,239.3,77,148.7,139.8,130.5,125.2,252.1,160.6,254.1,111.6,209.1,136.9,165.5,187.8,101.9,121.4,119.9,177.3,129.2,325.3,175.1,256.5,141.4,158.6,125,202.7,128.1,191.7,79.5,256.2,246.1,105.3,1830,258.1,107.1,289.3,232.9,142.7,889.7,272.9
"GPA33",192.9,20.9,196.8,161.3,129.8,130.3,214.6,40.2,69.5,186,185,181.7,163.5,21.4,28.7,83.8,87.9,76.9,65.6,192.9,107.6,230.4,183,85.9,55.6,316.7,167.2,204.1,33.8,163.4,282.6,147.5,1401,180.5,608,494,288.3,153.1,1233,44.8,310.1,283.1,115,148.3,77.7,20.6,139.5,28.4,103.6,272.5,73.6,21.7,98.7,270.3,179.2,94.8,180,62.5,74.1,122,238,271.6,56,188.7,85.6,171.7,68.7,75.7,211.7,427.6,185.4,672,516.7,120.2,239.3,143.7,640.7,129.2
"HOXA4",370.2,381.2,642.3,407.9,328.6,623.1,635.4,500.8,416.4,384.3,984.5,310.9,634.5,703.8,439.2,680.2,436.4,810.3,505.3,124.4,232.6,310.6,760.4,676.6,227.6,254.7,301.3,288,125.7,124.2,83.7,72.2,170,55.1,196.9,23.6,192.6,114.1,88.1,577.8,596.2,524.1,430.8,350.3,345.7,368.7,504.3,337,364,311.5,295.5,346,299.9,630.6,541.9,209.8,263,259.2,350.7,297.9,221.2,291.4,446.5,465.9,330.1,387.7,339.3,280.8,168.7,129.6,69.7,184.9,144.8,135.6,362.4,325.4,93.4,179.1
"ARHGAP22",901.1,1164,337,578.5,535.2,190.9,388.6,224.2,338.8,832,304.4,1322,315.1,709.1,337.7,795.8,1103,201.6,151.1,256.9,300.5,187.1,207.2,391,176.1,399.7,151.2,139.9,89.9,12.2,35.2,11.1,19.5,15.9,31.1,34.8,17,125.4,16.6,78.8,547.5,311.5,1268,148.9,206.4,151.3,478.7,314.9,66.8,96.1,148.1,354,1037,213.5,134.5,36.4,144,29.7,118.4,75.9,15,798.9,441.5,174.5,742.7,171.2,219,225.9,26,60.3,21.7,11.6,42.6,265.1,54.9,196.6,49,68
"TRH",91.4,36.6,265.5,44.6,27.9,83.3,23.4,39.6,15.9,123.1,159.1,106.6,36.8,69.5,30.8,126.7,13.8,60.7,117.3,23.3,13.4,27.6,41.7,96.1,24.7,19.5,42.4,20.7,30,5711,3890,13466,4026,2996,8520,276.8,4791,33.7,3212,151.3,58.2,180.3,69.5,56.9,19.8,30.1,37.8,52,62.3,16.7,167,23.4,87.4,51,80.2,15.3,39.5,32.8,18.2,18.2,21.9,133.7,253.6,29.9,68.6,75.4,82.8,268.5,6276,167,6726,1568,121.6,37.6,255.7,21.3,2648,12.2
"HPGDS",117.2,138,182.2,65.6,302.6,189.2,104.1,81.3,545.3,131.2,48.7,197.9,24,40,186,127.9,417.4,14.4,84.4,52.9,48.1,35.7,38.4,278.7,113.3,161.9,97.1,90.7,118.8,86.7,5648,4875,3556,2807,2425,483.7,85.6,29.3,1443,12.4,353.7,174,23.1,56.4,89.4,74.7,94.7,60.3,54.2,128.4,11.5,55,56.8,84.6,22.3,78.4,95,22.1,49.4,59.5,41.3,1973,300.3,68.5,1259,201.8,107,88.6,113.9,34.1,393.2,2417,904,106.1,163,189.4,2010,776.2
"HOXA7",699.6,606.1,309.5,492.5,315.1,281.5,509.1,549.5,418.1,489.2,434,497.3,360.8,338.5,536.7,380.9,582.4,473.5,238.4,219.9,374.1,330.5,396.2,407.4,285.9,419.5,280.7,175.9,292.1,183.6,16.5,21.2,49.9,11.2,28.8,30.6,163.7,74.4,32.5,302.8,447.6,302.4,444.9,358.6,488.6,476.4,436,350.4,383,364.9,351.4,345.6,424.4,322.2,392.7,516.9,287.9,320.9,315.4,235.3,122.6,280.6,308.1,337.8,270.3,310.6,368.2,570.9,81.3,157.1,15.5,5.9,11.7,114.3,19.2,180.1,12.7,13.8
"GNG7",117.5,88.1,115.4,115.4,237.4,120.6,132.2,203.2,293.5,293.6,190.7,354.8,108.5,191,268.8,249.2,515.7,66.4,147.1,89.1,215.1,107.8,154.5,339.4,76,263.2,166.1,152.5,241.4,733.1,622.6,598.6,742.6,416.8,563.3,209.6,602.6,225,333.4,161.2,174.9,220.6,271.6,134.3,362.5,201.8,190.6,187.8,158.5,246.9,158.7,172,270,194,171,266.5,127.9,203.9,66.4,218.3,93.4,240.9,234.3,196.9,178.8,345.5,243.8,256.5,261,680.9,132.5,586.4,418.1,221.1,253.7,247.2,586.5,502.8
"POU4F1",56,44.6,94.9,116.9,79.7,62.3,111.9,94.2,109.1,91.7,83.5,32.9,87,66.1,90.2,104.6,92.3,87.2,59.8,80.3,68.2,48.8,91.3,70.5,89.2,92,117.1,74.2,65.3,57.1,95.8,205.6,1386,3590,2692,1866,658.3,66.9,196.5,71.4,345,90.9,63.4,112.3,59.4,96.2,97.3,38.9,68.6,95.5,69.1,90.9,94,91.7,57.9,76.4,69.8,79.4,10.4,91.7,59.3,87.4,65,145.7,38.4,90.8,84.1,90.4,84.8,54.4,1449,2354,66.1,112,129.7,125.6,2467,97.6
"MAN1A1",97.1,240.3,128.4,170.5,181.9,339.5,75.7,160.3,156.6,81.5,139.9,79.8,132.7,146.3,125.3,342.7,125.3,95.6,314.2,255.9,73.8,91.9,481.5,183.9,65.2,96.6,176.2,143.1,34.6,497.4,506.5,1265,303,312.7,438.5,769.8,669.8,115.9,602.3,192,60.6,163,174.6,107,139.9,119,168.8,136.4,165.6,122,108,197.8,127.8,84.2,187.5,95.1,153.7,305.7,17.5,128,191.3,271.5,114.9,242.5,160.5,87.8,190.9,64.6,759,318.5,804.6,283.8,247.2,378.2,208.8,363.2,683.6,443.5
"HOXA6",524.7,468.7,239.2,532.4,574.7,205.6,363.6,731.9,436.4,679.6,264,247.4,205,467.5,177.6,427.5,351.3,701.6,442,179.2,217.8,84.4,308.9,297,115.6,268.8,216.3,141.4,148.6,67.2,114.5,84.2,114.3,80.1,101.1,91.7,186.4,124.3,103.2,228.9,413.5,317.7,525.2,523.3,1132,268.8,562.1,300,257.2,186.2,205.3,331,337.7,271.3,289.8,194.4,68.8,188,334,147.3,97.3,175.7,405.1,412,322.2,189.4,264.8,213.5,74.3,141.6,92.7,175.7,135.6,111,108.7,134.7,79.1,95.8
"ADCY3",163.8,482.5,248.7,107.9,138,418.9,220.3,215.3,183.6,480.2,151.9,229.8,82.7,238.1,121.8,375,383.3,186.9,236.3,193.7,281.3,241.3,110.6,358.5,247.1,410.8,320.9,155.5,268.1,581.1,301.7,2750,430.7,420.8,540.5,463.8,535,337.2,278.7,387.5,152,416.7,401.9,275.7,192.4,356.8,257.5,360.9,233.4,235.6,243.5,351.7,626,294,283.4,345.2,368.6,275.9,351.5,186.2,120.1,215,516.6,393.8,356.1,291,346.4,249.7,677.9,483.9,464.8,388.5,590.7,464.6,380.5,563.8,489.4,363.8
"SPON1",147.9,65.6,144.7,140.1,104.7,128.6,142.6,179.5,121.4,209.6,170.3,88.4,210,122.6,216.4,147,157,241.9,109,172.6,92,105.6,146.4,187.8,66.7,172.1,156.3,191.9,132.5,492.9,178.9,204.3,164.4,83.2,282.8,543.1,3078,206.6,167,109.7,221.3,156.5,125.6,128.7,210.9,181.3,435.1,152.1,256.5,108.3,134.3,165.4,125.6,115,162.4,149.1,119.9,162.6,165.6,210.1,83,312.8,355.6,251.2,223.9,301.5,150.5,193.6,207.9,432.9,106.9,183.1,410.7,281.8,280,292.5,201,275
"CD34",211.1,204.9,100.6,126.1,98.2,97.8,133.3,218.2,162.9,3715,122,60.9,196.8,173.6,191.1,138.5,521.5,107.7,420,120.2,125.2,228.8,132.1,85.1,102.3,348,158.9,114.5,162,1412,2829,6902,4381,6585,3806,1899,1090,1367,1254,443.5,141.5,87.6,938.6,101.9,184.7,125.9,209.2,849.1,168.2,176.5,117.5,221.8,367.3,120.1,293.8,77.2,104.5,149.5,119.2,94.1,96,4724,203.9,182.7,1125,311.4,209.2,396.6,1344,2955,4996,4082,1948,1973,1087,995.7,4582,1142
"LDLRAD4",67.4,119.3,141.4,255,153.7,125.4,145.3,152.8,103.5,120.1,91.3,113.4,89.6,173.6,206.3,147.8,69.2,74.8,117.3,168.8,191.7,128.2,182.3,100.2,144.5,152.6,99.6,136.2,196.3,270.9,420.8,225.4,436.2,160.2,383.4,173.1,249,140.1,196.6,116.2,165.5,107.3,102.5,122.1,82.8,96.7,128.1,135,145.4,119.9,247.6,95.1,116.1,81.3,146.8,141.3,147,201.1,134.2,99.6,180.7,626.9,112.8,248.2,213.9,136.9,140.7,246.8,182.7,127.8,458,328,156.1,238.1,289.4,159.5,275.7,603.3
"CD200",49.8,38.9,72.2,76.4,54.8,49.5,39.5,211.4,45.5,405.5,92.8,54.8,519.2,41.9,97.5,221.5,16.8,8.1,45.6,117.5,82.6,50.6,45.2,18.1,49,105.9,101.8,82.6,44.5,869.9,692,332.4,445.1,100.2,251.7,230.5,187.6,156.9,231.2,10.8,68.5,64.2,4.3,61.3,117.5,26.7,127.9,75.9,64.2,65.1,117.6,79.7,81.9,71.2,16.6,68.9,50.2,61.4,71.3,55.6,43,136.8,109.8,129.7,108.6,63.6,117.8,127.9,160.8,70.6,375.7,273.9,98,332.8,220.6,126.3,139.1,274.8
"SMAGP",44.5,54.9,123.3,60.8,60.8,55,124.1,163.3,87.7,25.8,58.8,67.6,30.8,79.6,137.2,48.8,25.7,60.4,15.6,60.1,112.8,27.4,36.1,49.2,26.8,90.7,129.8,23.7,87.7,145,120.5,976.3,232.5,111.5,141.1,371.9,361,105.1,74,68.2,37.2,70.5,93.4,86.3,32.9,100.5,37.9,146.3,48,110,97.3,32.7,48.9,93.9,15.3,25,20.2,29.6,106,9.1,18.3,213.1,111.9,138.7,20.1,96.2,65.3,36.1,22.9,89.1,104.7,145.3,189.6,224.4,186.3,90.2,149.9,80.6
"S100B",260.4,54.9,27.7,6.6,10.5,23.6,10.8,13.9,11.7,14.6,9.1,51.6,10,8.3,19.6,255.2,66.2,8.9,8.6,18.7,139.1,8.4,8.4,15.1,12.1,12.1,16.1,17.6,8,71.7,906.9,88.7,705.1,313.2,472.9,232.5,59.5,148.3,134.4,6.7,22.2,166.9,6.7,43,6.7,20,167.2,65.1,47.4,13.4,13.1,41.7,7.2,20,115,5.7,84.7,10.8,6.7,26.3,33.2,9.8,7.6,101.8,5.3,189.3,11.9,24.5,14.8,107.4,206.3,305.8,114.8,185.5,139.8,14,723.8,16.9
"HGF",23.9,40.5,232.9,168.9,280.5,74.7,164,317.9,62.1,93.2,156.2,2.4,446.1,89.7,394.5,72,75.8,185.9,355.7,51.4,65.3,98.2,221.6,48,112.3,41.9,24.3,77.3,43.4,379.3,330.5,73.6,233.2,224.8,707.4,314.2,587,218.9,1248,41.2,541.4,49.5,86.4,72.5,67.1,73.4,79,52.5,54.6,91.1,73.4,63.8,65.5,70.9,57.4,144.2,60.4,88.7,29,44.6,87.2,94.2,55.9,133.6,394.6,52.6,61.3,157.2,87.5,81.3,252,491.5,188.8,824.5,210.6,320.3,119.4,674.2
"CSRP2",108.1,8.9,87.8,47.9,25.3,25.4,23.1,38.9,19.6,35.4,106,13.1,75.4,6.7,49.6,54.9,88.3,11.7,102.1,45.7,17.4,22.4,13.4,34.3,31.2,22.3,106,18.7,16.3,34.2,144.4,3172,264.2,47.4,428.9,349.4,121.8,55.6,94.9,90.7,90.1,42,52.7,42.2,40,27.7,25.2,48.5,87.7,49.3,53.1,54.7,14.1,39.2,52.8,18.2,49.2,14,29.3,21.4,29.5,86.1,123.4,147.6,121.1,18.2,26.8,76.5,56.6,318.9,472.7,243.8,11.7,154.7,36.9,33,319.3,218.1
"CDKN2C-2",129.3,248.9,159.1,61.1,169.4,156.9,30.4,101.5,192.3,88,159.5,133.7,53.6,156.6,92.3,231,347.2,40.2,280,231.1,136.3,140.4,84.9,48.7,203.9,288.8,182.7,214.5,138.8,111.1,573.8,356,395,747.5,207.1,307.8,123.9,172,573.9,307.8,41.9,238.9,167,256.9,313.8,89.5,54.8,325.4,203.6,317.8,237.4,383.4,203.5,293.9,138.6,262.2,278.3,287.5,260.9,253.7,216.6,486.4,24.7,296.3,154.3,38.7,261.8,395.5,251.9,614.7,569.4,599.8,685.9,384.4,1305,608.5,609.8,424.4
"GALC",199.6,151.4,141.2,166.8,96.2,226.7,184,49.8,180.6,158.2,31.2,101.7,266.2,199.4,176.5,258.2,174.6,92.7,440.9,358.8,190.7,201.7,285.9,295.7,185.7,145.1,317.9,315.3,191.3,151,826.5,1622,565.8,767.1,526.3,358,412.6,172.4,361.1,231.1,170.5,214.3,103.9,206.9,86.3,285.1,325.3,180.2,388.2,189.5,415.5,346.3,132.9,265.4,383,196.3,237.8,366.9,247.1,428.9,291.7,241.9,201,407,99.8,190.5,311.1,232.5,267.9,231.8,1386,393.7,339.5,349.3,267.8,390.8,961.9,402.7
"SPRY1",167.9,112.9,296.2,158,209.6,356.7,157.2,55.2,195.1,217.6,121.2,87.6,220.9,162.8,147.4,338.9,205.7,346.5,1306,172,106.5,134.2,141.3,386.6,98.4,276.7,285.8,284.4,159,331,227,4469,282.8,680.3,670.5,331.3,1382,171.7,412.7,214.7,241.3,237,112.1,188.9,371.1,197.3,215.4,220.9,240.1,116.1,174.2,188.1,109.1,208.6,221.8,112,158.5,455.7,98.2,221.4,354.9,670.3,272.7,268.2,158.3,384.5,310,226.3,542.9,214.8,432.4,342.8,510,257.5,185.1,253,350.2,1379
"HOXA5",4236,3200,6654,4387,3289,4275,3244,4527,2920,4381,4741,4641,4501,5775,3744,7582,6045,5546,3782,1342,4597,2222,6463,3709,1141,3210,2089,4046,1383,1190,21.4,80.3,145.9,218.5,154,67.3,3704,505.7,13.6,6887,7367,8559,4962,4045,4970,4278,4107,3161,5448,2782,2344,3426,3770,4671,6575,2331,2569,2924,4100,2990,876.7,1361,3813,7848,3092,8255,5418,1804,73.9,1825,112.1,93.4,75.2,317.2,133.7,2258,58.9,106.6
"ATP10A",29.9,7.3,100.8,76.7,17.9,30.7,42.4,121.5,33.8,42.2,173.3,89.1,56.2,19.6,98.4,120.5,50.1,97.5,63.2,14.6,166.5,115.1,90.4,88.7,143.2,27.7,64.1,74.6,76.3,784.3,137.4,255,33,226.3,261,234.1,128.7,216.1,196.2,133.2,109.9,37.3,24.3,70.2,33.5,201.1,46.6,166.1,48.3,31.3,79.4,20.9,131.5,163.3,81.3,12.7,23.5,118.9,155.9,39.2,14.8,18.2,58,26.7,59.1,142.9,20.1,90.5,382.5,83.1,146.9,140.9,460.4,205.2,336.9,25.2,141.3,113.4
"HOXA1",52.2,41,31,18.4,24.3,210.9,88.5,23.4,10.3,73.3,173,77,146.3,126.9,17.7,126.5,126.7,179.2,56.2,28.8,89.2,155,79.2,163.9,133.8,91.9,156.7,15.7,8.7,13.6,6.3,8.1,7.6,58.2,11.2,12.2,21.7,39.6,4.1,243.2,23.7,127.8,15.8,144.4,177,86.2,14,153.3,24.3,145.7,174.7,9.4,36.9,251.2,406,83,104.5,300.6,79.1,221.4,137.2,61.6,116.6,712,108.7,210.1,173.1,56.8,38.8,23.6,5.3,10.3,7.7,27.1,8.6,16.1,7.4,6.2
"APP",256.6,153.5,287.4,224.8,140.8,171.7,184.8,232,170.5,178.3,172.9,135.4,246,149.1,283.4,212.3,201,209,368.1,223.3,191.3,145.5,132.3,153.8,161.5,210,151.1,197.1,196.2,1656,344.1,209.6,677.9,80,574.1,1842,964.5,183.3,1085,281.5,51,231.3,769.9,223.4,448.1,180.1,439.9,175.1,261.8,54.9,239.8,308.5,129.1,164.9,126.6,140.5,170.4,209.9,138.2,299.9,85.5,175.7,198,234.9,183.7,185.3,240.2,1006,148.5,184.9,1007,432.8,123.7,285.6,280.3,192.2,235.8,240.1
"POLE",308.5,447.1,402.9,302.1,374.5,225.7,286.6,406.9,296.2,351.1,226.7,497.2,155.7,340.2,366.1,692.5,234.9,247.7,214.3,218.5,274.2,250.3,269.5,135.3,212.9,344.6,292.5,212.3,270.2,483.8,353.4,852.8,887.4,1188,922.8,383.1,381,498.7,1463,305.8,735.8,309.9,488.4,257.8,262.2,255.3,309.8,395.1,160,232,110.6,286.8,437.7,296.5,178.1,278,225.6,228,396.8,128.2,150.6,351,372.4,309.3,305.2,123.3,393.6,126.4,291.2,301.8,868.2,938.9,355.5,400.3,68.7,476.4,1097,702.7
"HOMER2",205.4,116.1,93.1,73.7,111.2,98.9,28,22,122.8,72.7,142.2,91.8,30.9,52.5,279.1,155.2,144.5,153.4,126.6,258.9,123,17.1,111.7,74,76.1,107.9,104.4,123.5,78.5,270.5,201.2,356.5,220.5,405.3,307.8,100.6,668.3,137,272.1,78,156.9,85,98.6,76,141.7,57.2,169.4,89,59.4,70.7,212.4,56.4,67,53.2,132.4,78.6,30,18.8,78.9,40.9,51.3,54.4,134.9,15.4,173.9,223.8,128.7,134,311.4,65.7,220.3,125.3,176.5,255.4,251.3,219.6,221.1,255.7
"TESC",683.8,517.3,765.9,453.9,1394,533.6,1300,731,564.7,710.2,232.6,730.8,147,387.6,869.7,1578,648.2,325.5,710.9,1028,1113,522.5,606.9,415,776.6,2279,1586,1060,1145,964,2604,2163,3789,3294,4248,706.1,1897,1336,2327,508.3,566,1272,151.2,1828,1334,1597,354.9,859,581,1465,1095,893.5,723.6,917,847,933.8,697.9,923.8,869.3,889.9,700.9,2142,1097,679.4,1178,1025,924.6,670.1,825.7,2062,2793,2931,1681,1681,640.9,1431,3527,820
"BAALC",21.5,19.8,67,51.5,46.4,178.8,11.2,14.7,55.5,480.3,51.1,51.5,184.7,173.2,34.9,244,25.2,28,50.7,104.7,63,52.6,33.7,18.8,40.2,37.4,75.6,37.4,61.4,946.6,58.4,2542,116.5,255.4,362.9,701.2,1023,134.6,113.7,207.7,173.4,56.5,8.4,45,60.1,13.3,57.5,67.1,62.4,28.1,136.8,17.5,78.7,54.2,34.5,14.5,32.8,56.3,29.2,96.8,9.7,280.9,294.9,19.9,314.6,59.9,230.2,102.1,376.6,770.1,127.2,144.4,31.1,57.7,342.3,266.9,480.5,177.5
"LAMP5",23.4,9.2,54.7,16.6,54.8,11.4,17.6,13.6,33.7,31.7,17.7,31,46.7,23.5,77.2,40,36,61.2,29.2,23,119.6,23.4,36.3,41.3,27.8,33.8,39.2,50.7,63.6,146.2,2828,30.1,1347,15.6,3171,25,133,555.5,47.1,58.7,45.7,40.2,10.4,190.5,171.9,32.9,55.2,13.4,49.9,64.3,29,46.3,25,91.8,13.9,66.8,78.7,81.9,23.2,176,59.2,255.4,61.6,119.4,14.9,102.1,16.1,20.6,71.9,108.3,2902,457.6,114.6,62.8,43.4,50.3,799.1,16.8
"MREG",105.3,89.3,71.1,20.4,53.7,43.4,73.2,77.1,92.2,40.1,34.5,30.6,56.9,48.2,106.4,8.7,43.6,46.8,141.7,53.3,102.3,30,54.8,88.6,79.5,80.3,54.4,54.9,53.8,75,307.8,289.4,347.4,215,223.4,431.3,77.1,53.5,71,201.3,64.3,36.5,131.3,63.6,161.7,87.3,26.7,36.8,54.7,64.3,81.7,14.9,18.8,71.2,63.3,55.8,33.4,113.4,38.9,49.7,60.4,179.5,198.9,94.1,2.7,60,55.6,115,98.6,279.9,797,202.7,259.5,103.4,593.4,186.1,251.5,483.6
"SIDT1",99.8,344.1,107.6,26.9,135.2,64.8,73.3,111.6,127.6,76.9,134.2,155.8,53.6,131.8,143.4,53.9,177.9,40.6,183,61.7,56.9,41,26.6,119.3,45.7,129,84.7,85,74.6,281.9,273.9,906.6,253.7,404,491.7,151,393.1,150.7,123.9,165.2,69.1,81.3,100.7,49,91.9,65,159,111.3,68.7,23.9,82.8,66.5,53.5,60.6,77.2,82,68.5,106.5,9.1,99.3,61.8,4.2,97.9,86.4,45.2,67.4,87.3,54.8,85.3,115.9,103.2,247.6,158.9,84.5,228.7,35.3,447.6,360.8
"NPR3",153.4,349.4,125.6,78.6,528.7,2086,1287,257.3,251.2,200.7,12,595.8,543.6,159.3,151.1,559.4,69.2,85.8,17.2,187.9,127.6,47.3,58.8,228.8,43.3,188.9,26.4,113.2,102.1,1017,3111,3278,2548,1100,1439,786.6,843.6,830.8,591.9,66.5,341.2,134.5,41.4,137,122.9,274,157.8,460.4,216.3,173.3,42.1,730.5,972.8,138.6,312.9,104.1,144.8,90.7,65.4,92.9,61.2,412.6,1814,546.4,472,413.6,570.9,37.7,1064,770.6,1398,1615,650.4,841,1271,754.1,1300,264.8
"ITM2C",866.2,303.2,1130,1671,1100,915.2,3491,2604,227.5,2238,2507,1169,1988,881.9,1354,1835,2808,2835,797.4,459.3,474.3,402.2,1283,633.9,236.9,1626,340.2,80,521,6662,4726,7123,7864,3186,5586,3830,3859,1328,2705,2460,871.1,1118,551.4,556,439.1,629,1022,1152,318.4,475.3,338.4,608.5,614.1,990.5,1172,492.8,439.7,213.8,554,356.7,109.1,712.9,705,530.9,4041,887.6,1642,645.9,3111,6112,5850,1167,1789,2199,4781,857.8,5884,6118
"MANIA1-2",579,620.1,388.6,1009,1005,424.7,204.2,509,1013,311.7,199.7,343.1,830.5,807.8,341.2,810.2,148.8,395,953.7,577.6,363.3,503.8,1007,277.4,264,328.6,375.6,626.8,368.4,4365,1365,3769,1347,930.6,1529,2054,1636,651.8,2118,501.8,660.1,610.3,672.5,492.6,331.9,219.9,483.7,322.8,537.4,307.3,564.5,465.3,742.1,149,363.7,461.1,697.6,190.9,269.7,310.1,979.4,1524,410.3,1133,1034,302.1,413.7,193.9,3294,599.7,3203,2444,614,1298,499.5,737.7,1676,2702
