"","Genotype","SERPINF1","ITM2A","ITM2A-2","GYPC","FECH","PPP1R26","FZD6","MEIS1","PBX3","CDKN2C","PROM1","ASB9","SPIB","CTSE","GPA33","HOXA4","ARHGAP22","TRH","HPGDS","HOXA7","GNG7","POU4F1","MAN1A1","HOXA6","ADCY3","SPON1","CD34","LDLRAD4","CD200","SMAGP","S100B","HGF","CSRP2","CDKN2C-2","GALC","SPRY1","HOXA5","ATP10A","HOXA1","APP","POLE","HOMER2","TESC","BAALC","LAMP5","MREG","SIDT1","NPR3","ITM2C","MANIA1-2"
"GSM856203","mutated",2000.10984584966,11997.0751388023,10019.0565622107,4272.15995233872,8530.60242476228,18404.2881598518,15029.9064465007,28867.863802647,18861.6336461481,10215.5005524444,1375.41456972027,10622.2690974838,3788.73854212134,5945.15253592963,12110.4442379649,13521.2625688938,39360.8610379456,1329.06404227412,3062.08294796027,29953.3744642773,5731.28795453991,2472.67910365383,5114.34861844115,24521.670857207,5882.500817014,8303.25112422315,2722.20252103549,4786.79582966393,4694.74716241186,5633.05400136712,35332.4287652646,1644.78211798387,11493.0308217358,6182.43194782467,8346.19131845571,6154.24089143025,16706.0787094515,3398.15204173249,7192.36121636331,10762.8810630337,10221.2901024117,18665.6004071173,7332.06378616708,1537.20757307098,1459.92687887598,11181.3113883727,9540.288120525,3546.0910933935,5926.25229880024,8544.25896630699
"GSM856204","mutated",791.80549961554,4417.29979459832,5165.5813065664,5744.88696715861,9179.15834178897,10361.1820503466,3578.54915392874,14655.0474538544,22067.8714978248,15595.9317424192,755.005857078863,26109.0423814546,9873.41772151899,4028.55362781022,1312.12174480802,13923.0288796929,50844.570245443,532.207264192921,3605.52429026038,25950.1719022277,4297.24654293588,1969.3122861243,12656.827734412,21904.5304569714,17327.8793907769,3682.84836882379,2642.25152325994,8472.77065992443,3667.18202043818,6949.54302640573,7449.11804613297,2787.18308696011,946.234730004146,11901.0619629819,6330.72828464025,4138.25965838282,12620.2672026073,829.649160690541,5649.17260289072,6438.43430699797,14813.4158988275,10550.5170752985,5546.76308362713,1415.66092775839,573.988345540984,9482.34669498275,32893.919261249,8076.95063905925,2074.39355460198,9150.76854059925
"GSM856205","mutated",1057.26630295485,5529.43294682215,5219.86061977024,4881.27650804326,12761.9067543961,42567.2831364185,4754.35816164818,24126.1636205952,15423.5232316319,3786.841434278,1425.88849888432,7662.67031145741,15879.5285901353,14572.4875658666,12355.2899224028,23459.5001296609,14720.4640659057,3860.68384271094,4760.33714264813,13251.2427053943,5628.85642513962,4190.30798101336,6762.9491514711,11178.9282810061,8931.48933572273,8123.59998428052,1297.26941551952,10042.3283429448,6806.44066518345,15607.9900756981,3758.4803256445,16028.0232334077,9334.76508925439,7607.30798839061,5904.21950984943,10856.9752950663,26242.2681144217,11455.9774517269,4271.32562657591,12054.7623441773,13348.9717415289,8460.40602678977,8212.38323168378,4790.36778584911,3412.7350544665,7549.77435625166,10285.9218614077,2903.44877007968,7731.08415798231,5734.54064647132
"GSM856206","mutated",800.959320420343,12156.3012509048,9458.17032577087,3402.70864953853,7187.28969877018,28108.7755732046,3348.49956546189,18131.4753075349,14232.177994974,4816.18237277252,1373.31148933843,11816.8707892981,8598.86512439982,5586.12023358219,10126.566384571,14898.2252886326,25269.401964767,648.536720847111,1713.93038725421,21086.387826839,5628.85642513962,5161.71762887736,8980.3958748117,24881.5276622393,3874.98069692192,7865.351470613,1626.10013217705,18110.2809579273,7202.38319695313,7696.39737714879,895.522388059701,11623.5857626559,5092.65658058411,2921.4740294825,6974.67290540286,5791.36426948171,17301.5975680745,8716.99871574856,2535.23843641925,9429.05558445045,10009.2438895902,6697.44279456935,4866.95488818549,3682.14837270491,1035.67462347612,2166.17998407221,2571.48046535193,1816.9671443333,11432.4262194588,14889.7362642552
"GSM856207","mutated",755.190216396324,22371.2687504057,16695.4120862842,13187.7906341237,19796.6463382742,17006.7072657368,3348.49956546189,24764.9418834623,11185.8522556003,8503.86711114049,4704.59081416551,4972.12596052433,4749.01789611523,16209.252473627,8148.96662564978,12001.8554298717,23378.0188963583,405.698980081489,7906.02645096226,13491.0067091106,11579.6405141087,3519.15222430732,9580.84463125073,26858.4033574173,4955.9530692792,5877.96073499773,1266.32064218705,10915.8830715036,5166.10731928052,7696.39737714879,1424.6947082768,19303.8236022793,2689.85827742752,8099.7987003983,4022.56315047815,7682.72120812257,12971.2683841799,2034.34520224119,3348.16815244499,5905.74299951345,12408.0166721335,10105.2325475727,14947.2022783225,3317.50843676715,3418.97405822238,5702.15025219007,12924.3181753004,12221.76245813,7525.83413608897,14830.7085684603
"GSM856208","mutated",581.267621105049,15671.52387963,12791.8248117073,4793.66385277069,5023.69321213009,9025.34167765835,6863.14605592761,27000.6658034971,21340.2713868458,3881.27638276373,1892.77234365175,3142.55580188984,2121.34439109559,6694.89646141987,8180.35709801361,22758.2352962661,8338.68424386174,1211.28046741176,4943.2260559222,12052.4226868126,5882.49640270224,2750.85550281488,17881.7853343025,9608.64404086478,15043.8314545004,7219.7301864442,1261.1625132983,8905.99698872191,4666.46555299974,6962.20157472341,3202.17096336499,5140.8043603931,2700.49012832644,7502.11579747634,9479.36659265485,13074.5546514185,16859.8882159833,3489.07249769858,29058.7927304794,7201.81870040099,7477.94222403345,8987.47750858763,5721.54026952143,12783.8471658182,711.24642817035,4608.44173082028,6194.49569348718,48221.2908788712,6261.49400122603,6267.26560102
"GSM856209","mutated",1313.57328548936,14403.8390640444,10095.9522559161,2913.32938937317,8167.96900879037,27755.1707686695,2402.74014620929,12824.702046793,16055.1760752291,1584.14626084821,4079.97594076043,7425.9024085753,4975.99301615015,7798.39280245831,13472.790738555,23207.4830801597,16974.398623178,340.263660713507,2719.81941026164,21797.1168378553,6448.30866034193,4940.94270890827,3987.1904265293,16992.7187415293,7911.56855914643,8005.70392369318,1718.94645217447,10319.3091105366,3723.74523926242,15709.2584622395,1465.40027137042,11286.3710188014,2455.95755765121,1453.56481990619,7693.88378054033,5762.04090609193,12793.7958766432,4818.78416620259,12193.9457403861,7751.2876868614,9495.6944679131,2544.48301557587,13939.2847645762,800.777898530001,1098.06466103493,7772.76347225909,7007.04528291065,29751.1032411827,23884.2608809878,3013.36387032796
"GSM856210","mutated",796.382410017941,4268.4846205948,3657.97338232946,3108.5804496949,9527.84431868503,40557.909802711,10467.2562752416,15023.5733747393,19317.3831662119,2851.93544426922,3236.64070764449,1721.94838459717,8162.37450894806,8078.22680281735,2523.79397805178,18291.3244043814,9793.25828954323,575.830810438242,2124.12409274036,23526.8428646661,9911.46989244689,4159.39949221768,8443.15225062942,34205.0903380785,7732.00504214356,10077.3061311566,2813.75930881073,10851.9644328286,19929.107432407,20671.4094027697,1886.02442333786,21877.6667492499,4135.78999968104,4853.18517172625,2082.36637103755,2023.31207389488,17853.7342581886,13808.5442498494,3224.16192457666,9731.05380601648,13481.5006245424,1999.23665509533,7838.16704838862,1051.02099182063,848.504510799715,8186.8861162729,10668.2981387835,5947.90898520305,17815.7019003415,7511.27428989682
"GSM856211","mutated",1409.6884039398,6381.2926465707,6585.89000206714,4601.75041741172,7777.44071466678,21278.0287935341,14326.9771484075,26275.8981590902,12097.3512957279,8664.40652356624,4860.21876242132,11192.6644998816,4696.63902226102,6203.86698909175,4363.27565857211,15208.6810742501,14799.0896899966,231.204795100203,14247.0463440506,17900.9517774648,14316.0256566593,4817.30875372558,8248.26975950447,20395.0012618355,6593.57234434537,6815.5151215733,2100.64798994165,7350.64344762933,4289.37742750481,11101.5468746044,1587.51696065129,4273.68073333884,2083.84277618891,9194.75377855131,7551.71418894339,7151.23524668279,11515.9938223792,3841.38926456716,1419.18238560425,7151.48566347332,9813.76378714536,11159.3755111685,6055.01085119706,3968.14047932277,2102.54426573165,9790.28404565968,12197.8032482865,5806.89754015937,1556.47933269113,14948.7639600501
"GSM856212","mutated",2334.224305225,3318.63962109085,3868.75804860441,14568.7329624676,12517.8265705688,15710.1563157747,10940.1359848678,20428.6202143838,21164.3680633124,3786.841434278,2300.76993772779,13409.6730450505,13391.5320820602,6404.50268746238,11677.2557193441,14036.2539309181,36342.5106909008,1790.01951426635,3427.86077450842,20945.098324649,14320.9033485355,4049.01203223314,4292.68189910354,31760.8681428585,17245.2801729556,11767.1496662419,47906.1220542248,8529.58722763558,38227.3087220483,3265.90546596116,1981.00407055631,6413.96206678228,3763.67521821874,4207.68763657054,6615.06746783413,7975.95484202038,17277.9345670696,4796.05405221107,10099.6183363876,7478.65040350318,11632.7227065049,6606.56840115592,7615.1384921554,34340.5022021392,1977.76419061404,4258.0302628086,7351.18393254883,4639.50770824038,15311.6516332428,4599.73319481501
"GSM856213","mutated",4471.64146314672,6295.55550928472,11072.9798935854,7192.58179475776,3783.24284932233,16585.7491650998,11208.5271714125,35022.2466814241,4703.81478339505,5644.84904573485,246.060404674727,13883.2088508147,10711.4797031864,5221.80804443553,11614.4747746164,35958.0848165206,13296.4666518152,2313.50206921021,1272.38429663537,18581.7102880165,9301.75840792137,3686.94116348383,7368.66500226485,12337.9476011104,5455.13964654717,9560.80910382152,1573.22931106741,6484.19079003437,8748.44451148233,7443.22641079521,1234.73541383989,10749.5802020536,11269.7619528584,7626.43384128411,1304.61507583075,4442.48955355179,18697.7146273629,19695.6437736535,23836.7526902462,7252.15173732866,7511.07444478681,12922.3387433889,2494.05972018494,3653.54916204313,1104.30366479081,3663.39262012211,12828.7241059565,277.399564020352,17152.0601628864,2946.95771255873
"GSM856214","mutated",7501.55614953682,5139.94138029442,5613.38564049816,7772.49413203811,5471.75469244153,17315.4098728707,1060.78421348602,18364.8750574286,14751.892359959,1973.69042335187,3571.0304883563,4477.06579995265,2086.42514185945,2861.69864518105,11407.2976570151,11355.3769115858,57746.1528045323,1550.09000991709,5170.53084813427,21291.8998300244,17306.0507767724,1452.69897339662,4203.14129507316,11562.1524110406,8252.73924145188,4962.86274091499,785.325123311519,8053.74847305474,5166.10731928052,8557.17866275096,7001.35685210312,165.166405153192,1392.77246775891,6392.8163296532,4252.54337217908,3210.908291181,18303.3312772815,10126.2657832229,10609.421717624,5679.24433333893,16473.3401585708,8342.26931535232,7836.02254304022,3682.14837270491,1934.09116432288,3249.26997610831,14893.5560037855,13772.8883536105,7997.90918644365,5063.10060680471
"GSM856215","mutated",3661.52832192157,9535.19448244777,5807.88651281195,7785.01022564848,7311.07322056829,13970.1961664749,7259.34256939829,30501.6620519032,16486.9387784474,5826.63632156989,1573.10412561278,8728.12587442691,7673.50501964208,8748.77242631918,10264.6844629718,23174.6112910943,13763.8523061332,535.115500609276,627.047702653979,15447.6522394386,5292.29568568154,3841.48360746219,6989.43420872441,9580.60325086225,2969.98057122746,11789.6060587347,2537.79941326284,6363.45558364819,48946.0386892417,3898.83288184511,1356.85210312076,30700.3055578495,8016.41557778794,2562.86428772933,11131.0427303252,8096.91371600323,17751.1945871674,6387.16203161759,20157.9012634857,10318.2725701726,5158.68677129822,2808.0187564748,1576.21143107131,13205.6855230796,2913.61475399608,6041.94319086806,5123.84211683507,12566.2002501219,13601.2347841317,12255.6253394093
"GSM856216","mutated",1121.34304858848,3679.34800581543,2296.01494852286,2136.91438241005,6536.99035185902,20436.11259226,14902.1011195747,24949.2048439047,19429.321644824,4063.06365859877,5903.34663181161,4724.59588023849,9402.00785683108,5897.63355473659,1343.51221717184,25705.7390491287,30974.1278015839,1010.61215468328,1045.0795044233,14492.8777246396,9316.39148354998,2918.64444199139,7705.75904096746,21848.4488769664,8550.81467967664,6882.88429905178,2238.62793771559,12329.1951933184,3949.99811455937,10076.2044608724,1126.18724559023,6173.09439260055,712.334010227841,7487.77140780622,8337.82840130294,5967.3044498204,22775.6384672054,2227.55117116912,17484.8781294349,6253.87983826317,11271.5815002932,4770.90565420476,4156.0513651921,12383.4582165532,1466.16588263186,5118.13113883727,12599.298339531,3682.47921237017,6033.66647692442,11920.6431657734
"GSM856217","mutated",2407.45487166343,11513.27272126,13479.3627789561,4234.61167150761,9135.57259467696,19655.9369124126,12691.0689637544,23303.1223972857,21532.1659216095,6516.01144551576,1419.57925773881,9847.39232441508,1972.93758184199,11568.2319771064,1801.81311368373,16041.4330639064,14751.0406974966,447.868408118633,4859.61969556834,22978.8108561716,13111.2357632368,3982.77955624241,6599.66922647452,8300.07384074701,4374.1672741899,12148.9083386199,2464.29607659821,14651.5723985114,9191.52305893887,17367.5282918555,2659.43012211669,27149.2278470559,5273.3980458658,4413.29055517569,7380.27438731178,5402.82970456711,14765.7126270506,11183.2160838287,2438.78914807721,11886.9855544184,12129.7060178053,25363.0432016866,9325.38150750148,2495.28113024081,4816.51089953956,11298.1152110433,13708.1895439207,3492.92284362293,9263.61765478588,5035.06245130215
"GSM856218","mutated",11391.9299915785,7851.07214290176,6803.00725488254,6541.74492701866,11768.1517202423,8396.71091404036,13393.9982618476,35231.0780365922,19157.4710539088,16906.2166526588,13623.7547135289,5079.74773456166,4749.01789611523,11515.4331091141,5261.04316817759,24843.7676914143,34761.2620286285,1842.36776976074,3341.6417153935,16308.2337527776,12155.2081555008,4618.61132575339,18050.3323536538,19979.0628767981,13467.2637752152,8252.72424111429,1786.00212772817,10496.860884634,20881.2549492816,6177.37157902732,34626.8656716418,4954.99215459576,5836.88614350872,11045.1800459977,10796.5260442147,12422.1098159959,29902.1456031778,13694.8936798918,17429.7642503824,8904.75311645387,22944.0628717021,14103.7058577634,16920.1471988471,17445.5185036893,2495.6015023521,923.812052030794,5152.52033763825,12931.4430094154,12554.4596724757,11956.0597832503
"GSM856219","mutated",2636.30039178353,12719.7167244984,10086.9057037155,17718.6165210767,13389.541512809,15979.5695001824,6275.24155206789,17148.7395185086,24794.3730125923,16009.0846420443,10685.751420105,5434.89958888482,8686.16324749018,3954.63521262104,5518.44504156099,15939.165275703,48180.0352068072,200.668312728478,10905.4046286571,24935.4563864996,25154.257005585,4075.50502262943,6599.66922647452,16417.8825464776,13765.33921344,8814.13405343499,6724.91053870209,4914.633107014,1583.7701270787,3253.24691764348,8982.36092265943,5216.50562942164,9387.924343749,16601.2403115601,7300.82667436055,7539.76981159739,23840.4735124254,5693.89355487618,17457.3211899086,8430.78368538496,7782.75865496437,13131.3498482398,6950.34183415253,1801.7502716925,2246.04135211689,4629.67878948766,17006.1849362866,1599.67081918403,19211.4020492162,2195.83028356905
"GSM856220","mutated",805.536230822745,6007.11128312975,4573.03213742436,3339.293775246,3648.1270332751,15659.6413436983,13240.6318695363,64025.2366550622,20076.9656996515,3940.29822556732,477.399246676607,7738.00555328354,7490.17896115233,7407.68117931552,4827.85464955677,29595.5674218656,8806.06989817982,882.649752363669,376.228621592388,20272.90281423,3238.78740579958,3850.31460426096,5035.34220312023,32789.030442951,6712.08426556726,13580.5033600377,1388.82620329475,5312.34908099202,763.603454127229,7645.76318387807,1207.59837177748,12793.5144658243,1243.92655517399,1922.148215797,3876.21210030483,12700.6817681988,21872.5005955189,11080.9305708668,24691.0178155614,8766.33726490277,8206.85108060738,13940.1319496192,3490.18245451504,2001.944746325,3818.27029859872,4969.47172816565,3881.11921536388,1983.40688274552,19396.1270689202,5828.98495974311
"GSM856221","mutated",5895.06059829373,23865.5445716756,24158.8176518136,46413.8471384455,35644.4239882005,5461.22975893133,9342.56939829252,34322.0474317429,16199.0969763018,8782.45020917341,88.3293760370815,9427.66740566952,2042.77608031427,4355.9066093623,4118.42997413425,18455.6833497084,6600.18433340759,1705.68065819207,2205.11775433316,10207.09615821,7175.08474989635,2640.46804283033,16549.2104625562,20656.7153018591,8486.17181355561,6119.36695429563,5416.03533318289,8330.72924064657,4298.80463064218,1974.73353755791,1166.89280868385,24479.0376304126,10855.1197678004,13388.0970254517,18436.0508632621,47870.3907338172,14915.5783000816,7182.71602132085,7743.50000688924,15439.6590775632,7100.23490744514,11504.6982061395,7622.64426087479,3624.94995138134,1821.78909671704,15046.4560658349,17493.7146899406,397.606041762504,5455.54558192486,14073.6783698912
"GSM856222","mutated",8220.13108271392,2288.56915741216,2633.90367321682,2174.46266324115,6693.02732652001,10624.9824600791,13291.7540003067,6298.10798792218,11761.5358598914,9025.62020152418,7703.58343866261,9696.72184076282,12195.5477957224,6573.45906503765,12110.4442379649,4543.61173303724,11221.6237938611,338.809542505329,1382.11764459981,9415.01864593279,4346.02346169792,3545.64521470361,13478.4944537496,8374.84928075374,6956.29064869116,9689.93336065528,1550.01773106806,11988.2957870515,11076.9636864135,7607.78753892504,2537.31343283582,3537.31384369753,4858.75586080781,11049.9615092211,15003.0733720536,6304.52312880287,5292.62455809346,1659.29832138108,3968.19929178665,9366.13928829086,7239.39023460926,23527.3804547355,11022.7574907572,7485.84339072242,1434.97086385246,5659.67613485532,5898.15407852097,4343.61483995201,3142.37783518697,8523.59927277879
"GSM856223","mutated",10266.0100325876,4409.95089711666,6888.94950078863,5698.99462392059,5331.40858674087,10030.0283445121,11016.8191810235,7793.09480697841,12752.9909561705,5005.05226974399,2572.06730698454,12215.0713532362,4792.66695766041,6071.86981911108,6755.22965269581,8495.53126289761,13126.1111329516,194.851839895769,1256.70810406902,16017.0917482649,10491.9152257152,3011.36990837841,3887.11563378946,10178.8067709161,10102.2434665814,5164.97027335044,1614.49434217738,13614.670037783,7786.86979147027,14278.8425023418,18873.8127544098,4493.90260687643,1849.9420564126,6517.13437346097,7974.04150515783,3903.67275126457,18129.8026032456,18922.8198979418,12290.3950287281,8023.92497021962,9084.85493057143,11177.5503898511,11934.1722638256,4504.37567923125,7461.84849203279,10862.7555083621,5439.30254567007,2949.68203074974,3245.00284613364,5361.19047056879
"GSM856224","mutated",5213.10094833584,1864.78273597004,1995.21708785152,2204.50128790603,4898.1662604475,14722.3079729464,14071.3664945555,19568.7263989858,20900.5130780123,6310.61543255928,1909.59698670643,5650.14313695947,6922.74116106504,6510.10042344692,14464.729665252,11344.4196485641,8172.69681522542,401.336625456957,932.733457697794,14150.3577193305,5258.15184254811,2154.76321889833,4840.45971199528,3944.404460355,8665.73533055848,5928.48761810659,2950.44972436249,9104.85497571092,4770.16478751084,3468.44223904403,1139.75576662144,6758.05874418477,2381.53460135875,6713.17436561937,8434.0019485597,4918.99420863573,8763.19803881048,13081.1806021207,21356.6281328796,6102.88072748016,8292.99485456612,1553.95212736955,5602.52022268544,3760.79620202482,1459.92687887598,3185.55880010619,3919.35684310145,1093.41661484689,2751.71862684999,7434.53828536349
"GSM856225","mutated",1931.45618981363,7293.7807505429,4826.33559904233,3347.63783765292,6719.17877478721,28007.7456290517,6326.3636828383,31201.8613015844,18669.7391113844,4589.53849640675,511.048532785972,1947.95411007555,6416.41204714099,5047.57178006104,11488.9128851611,27773.0093392405,9050.68295090703,606.367292809967,1003.27632424637,16963.3032629312,7536.03394873546,4031.35003863561,25361.0593180166,14436.3333862993,3971.94499610347,8219.03965237504,1703.47206550824,12947.0753671771,4261.09581809269,4569.73594268209,1139.75576662144,15250.364742478,1424.66802045568,4059.4622766459,11954.7900698722,5179.23905872004,25488.995915766,10274.0115241678,10912.5480524133,5549.21732127578,8929.13349303064,10150.6697442795,6507.50147970869,2409.48349825545,2264.75836338453,5818.95407486063,2542.80224454875,1359.25786369972,8777.85926963832,14860.2224163578
"GSM856226","mutated",4393.83398630588,7593.86073104383,6726.11156117708,9241.04911565455,8769.45231893609,20492.2403390116,6518.07167322734,20551.4621880121,16438.9651447564,5026.30013315328,4534.24130323685,15971.0712671388,1309.4718463553,12898.7634505116,5392.88315210567,24712.2805351527,17079.2327886325,1397.40759805846,7281.59144706934,17442.8312703639,16554.886227837,3112.92637156419,9686.18651834529,13880.1910512492,12874.7041691057,10543.2762753827,1097.39192108063,7116.27510582086,1706.32376786455,6228.00577229803,2048.84667571235,3303.32810306384,3646.72485833059,2328.57258978393,12364.5730103575,14170.5153581116,14627.6784545221,10080.8055552399,22582.9119417997,6451.01756622989,4482.78946792967,6724.70511259337,4449.8485979224,1344.16290110393,2576.70855117855,9408.01698964693,11404.3724727318,5289.08502065471,4336.93296260618,4093.57070337402
"GSM856227","mutated",759.767126798726,1246.86293938752,1380.50386581792,2095.61127349584,8430.35520640466,15912.2162040805,3846.94034047339,8395.020477757,15495.4836821683,4979.08265891041,2561.55190507536,8286.87660087389,10798.7778262767,7566.07778329233,3490.62052685769,8312.91021253438,7692.20689022552,359.167197419813,2960.18769627899,12240.8086897325,3707.04582591518,3938.62457224859,3434.14551928283,5402.52554048623,8874.02901028181,3744.60344817907,1319.19146329669,10262.4925428255,4619.32953731287,3392.49094913795,1641.79104477612,7728.41137445977,3317.13748046397,9749.40351246288,7764.9685763388,3606.77369694304,4499.91402442968,16274.7616179295,18435.5925430922,6773.98788651578,7053.84979839044,6915.54133876156,8327.11426782298,2874.22067150947,1734.44304413471,8441.73082028139,4368.64896901796,1000.95009350677,1620.79100621771,3895.82792246122
"GSM856228","mutated",5437.36955805353,2425.13616894625,2036.37890036444,21298.2192936417,21112.9359010569,22647.5458142733,5201.67680588927,10603.7191635936,18877.6248573784,9892.0608538808,16622.747338026,8803.46111625304,10737.6691401135,10121.5429941182,19882.7251952487,9302.7163055031,17459.2566384051,283.553050594589,4229.9592941533,17960.8927783938,12838.0850181694,4062.25852743128,5088.01314666751,12562.2739211306,14752.9385569558,9661.86287003924,4487.57213320868,10837.7602909008,9983.40812247822,11481.3033241348,1641.79104477612,2883.53015663281,2370.90275045983,13808.8657891088,6067.29639432827,10142.2183124404,12659.7055376155,3148.12078782575,12662.4137123331,8808.2814623425,11417.363271608,9805.34704930845,24436.6384449763,2674.02619687697,2108.78326948753,8526.67905495089,12331.634945368,4366.73147028704,11124.5511866188,4849.12520954832
"GSM856229","mutated",12874.8489619567,1569.60202045688,2579.17203240294,5056.5018185884,9771.92450251228,13992.6472651755,13930.7806349369,5210.95652131185,10514.2213839274,18490.362913507,4956.96045998574,10546.9338556577,8328.24094281973,8622.05514313773,10496.9739584641,11004.7444948884,6604.55242363486,616.546120267209,2536.93049698756,12018.1706862816,8101.84620637514,5170.54862567612,9280.62025303121,10108.7047959098,11524.3865212442,8774.83536657254,2049.06670105419,7073.6626800375,9596.89279384592,16430.7957163472,2184.53188602442,1672.30985217607,11269.7619528584,8735.73330910725,13292.856814314,10475.7715709992,8238.66818320211,7285.00153428269,21590.8621188531,6337.76823314263,9691.17457035793,9487.28667236146,17005.927412783,5405.2508150775,2445.68947230506,5776.47995752588,8096.81767343154,610.279040844774,2327.53524827043,5542.70063513801
"GSM856230","mutated",15099.2274175241,2439.22155578609,732.318400641943,2668.84836085066,5375.86604879512,14514.6353099655,3731.91554623997,5320.28587784103,14336.120867971,7953.78353621108,4574.19983049172,8405.26055231494,6678.30641641205,10079.3038997244,12813.5908189146,10518.9725009222,6110.95822795316,301.002469092717,2369.71777627983,7531.15861673296,7438.48011121137,3276.29981234132,7537.21202161616,6608.27951059475,5584.42537878924,10773.4542984342,1476.51439440343,9673.02065282236,7786.86979147027,3000.07595128991,2388.05970149254,5319.73463264239,1988.1561180986,10256.2386141407,13184.1388913281,10424.4556850671,15956.7503442967,8478.33251883758,2163.21975281425,8267.20131537003,7033.97046593842,11222.9875865579,11365.8783465006,2674.02619687697,3163.17490423129,5829.57260419432,8125.49589423472,2616.80255392532,547.333391715562,9249.63993105565
"GSM856231","mutated",7341.36428545275,3079.80045293705,3115.63257790099,3023.05381002406,7617.04516529459,18381.8370611512,3731.91554623997,5553.68562773477,16023.1936527684,13598.6325819459,6021.11913319439,8125.4439398179,8537.75643823658,9635.79340858932,2121.99593179478,4591.09320613168,3926.91311431729,436.235462453214,3103.8861281372,12506.2616938471,11774.7481891569,2883.32045479634,1822.41464673598,6944.76899062503,9628.19578169386,7438.68001324927,2089.04219994197,13941.3653021221,4195.10539613108,11101.5468746044,1085.48168249661,2986.75915985355,1732.99169652445,6636.67095404536,7999.13025661611,5828.01847371894,5454.32173162686,8671.53848776552,1198.72686939388,8229.45153767428,8952.32604755799,7133.63988295378,12277.293119569,4389.97883658411,3968.00638873985,5712.76878152376,7131.31757305777,2360.20795720649,3564.5087135476,5436.45078270725
"GSM856232","wild-type",88700.52359855,7520.37175622727,6563.27362156553,10605.3033191846,28383.0385193399,2699.74461875228,36105.0048566024,1975.29893594282,5941.53453262087,11091.3846996496,35142.4731804674,8975.65595471276,388214.753382802,5612.51966757833,10258.406368499,4536.30689102271,532.907007727152,83044.6908690101,2265.2098258375,7860.83412184293,35758.3591444528,2521.24958604703,26198.5273204184,3140.56848028265,20868.8719460735,27671.8896492873,18208.194977272,19239.5102411863,82007.2400920095,18354.8950606344,9728.62957937585,26103.1739477524,3636.09300743166,5312.20564117031,6314.00245033473,12132.5416025218,4693.16186596961,89136.1420177522,1873.87188778814,69459.5909601866,16029.3684004758,24581.5234183312,10336.5157792704,67680.0320311159,9121.42349109694,7963.89700026546,26947.9681480561,23509.6130507248,45579.1881951134,64413.9730361486
"GSM856233","wild-type",84489.7660283402,85626.9038237538,91813.4582843123,39759.4573689336,41877.1858252177,5629.61299918615,46994.0187106999,573.672016844091,3115.08794766396,25261.3487199343,31504.1441198924,20362.0396478616,6075.94936708861,35169.3259696512,17741.8949800357,3057.07638308052,1537.56775999965,56565.1982981001,147565.22602457,706.447510949936,30368.5096212472,4230.04746660779,26677.8329066987,5351.1174254816,10834.8626159531,10043.6215424173,36480.8665656533,29885.514616062,65236.2457106226,15253.5507228031,123052.917232022,22744.7903763041,15352.3926980448,27436.0359757293,34559.7551337858,8320.5043618503,84.3980369174366,15615.5883121754,868.043595078331,14432.9983390098,11708.9268142376,18283.9279547809,27921.4596361203,4175.48475662072,176439.026216294,32683.8332890895,26183.2155933046,71915.8369722762,32333.7201155968,20143.2011899983
"GSM856234","wild-type",800.959320420343,45538.6680613241,49783.1767601311,52613.4855067808,30318.245691113,746.499031796369,117005.776800777,540.504683964454,383.789069527388,19458.3211354858,43638.9179230819,20318.9909382466,9454.38673068529,7571.35767009155,9260.1893473293,2637.04796724509,484.858015227163,195811.557913166,127369.06460159,907.678014069009,29197.8635709582,9078.26470912904,66628.7435873126,3935.05753035416,98759.9343515782,11469.6024657119,89003.5139753055,16008.067952615,31336.0232286285,123585.407225499,12035.2781546811,5065.10309136455,337242.310513837,17022.0090752172,67823.2581088936,163807.638736163,316.689830115428,28980.8953391901,1116.056050815,8791.50378336661,28255.1578584658,32396.7212518856,23192.8253429064,181747.983755648,1877.94013051996,30730.023891691,86665.5832672141,75776.3142382261,48733.1968648743,55618.8463627134
"GSM856235","wild-type",62703.6725129069,57198.9187322172,53985.3002573292,36459.380687,36376.6645396822,10944.9106165633,26251.2141506058,108.100936792891,4004.19929206908,38198.9366624801,32955.2695833587,29219.3116511333,3099.08336970755,122651.770346044,87956.1035634464,6209.11571234993,851.777594317988,58542.7990612213,92907.5679432313,2136.46853311526,36221.7398726922,61198.8078154322,15959.2958948267,5341.77049548076,15467.6013546272,9229.5773145523,56494.4066539863,30979.2335445016,41960.4811644481,29431.1248386035,95671.6417910448,16048.6690340518,28089.3500749545,18886.7797323337,23658.6926251615,10365.8089582875,575.405307768879,3750.46880860108,1047.16370199926,28433.9714443904,29401.532696532,20037.80374766,40627.6538253686,8329.5201052451,84039.3805917071,36888.7709052296,24252.215392557,58901.1740936547,53802.8724056397,19877.5765589214
"GSM856236","wild-type",7954.67027937461,46518.5210588781,49756.0371035292,23012.9241182621,12552.6951682584,6129.14994527545,10876.2333214048,696.513990472377,2125.23197250791,42212.4219731238,25089.7489552948,36096.3430121182,2627.67350501964,7861.75144404904,11331.960523342,2012.48397500283,694.526346136206,43565.3815169943,73338.454222905,479.528007432684,20330.219740019,158516.392537808,16470.2040472353,3743.44546533691,15112.0655909615,4670.92963850822,84915.6968309746,11377.5176841567,9446.05754364795,14114.281374212,42496.6078697422,15470.5866160156,5039.4973260895,35741.4375947327,32075.9687394157,24935.8551425849,861.727619928033,25719.1239814068,8019.0694021522,3355.5357951781,39361.0782549922,36831.3916504607,35320.0030880877,18260.5960075502,973.284585917321,22829.8380674277,38620.0040149509,25428.2933685323,21797.5523250722,13732.7934266758
"GSM856237","wild-type",17918.6042254037,45704.0182546613,49968.6310802443,46726.7494787047,36864.8249073367,10821.4295737098,4716.01656357037,1148.57245342447,1340.0635010998,26064.045782063,35710.304883563,22611.3347252416,5962.46180707115,47360.5845890664,38170.814394415,7191.61696330413,1358.47606068151,123890.871336713,63357.9449556625,1233.07201911262,27476.0383386581,118865.216911359,23096.2087454835,4724.87311542524,19410.8161880102,15876.6694924294,49079.5963764145,27229.340075566,23728.2702967684,17861.211676245,64165.5359565807,48682.7979189033,45600.0085054807,9902.4103356109,22007.0164874912,24576.64394106,607.350359125479,29662.7987589358,1543.18861347259,24080.1637501468,30574.413311201,27971.1382926519,45549.2935999382,25946.6338729051,197838.809098963,23721.7945314574,47003.6038964143,33264.8310521072,38217.5540765391,22563.3367175879
"GSM856238","wild-type",78677.0898172897,16455.4062776732,14171.4240223052,10204.7883236528,5963.40191986499,746.499031796369,10761.2085271714,2039.17676222953,222.277836101279,24954.4351373556,21346.265875628,9976.53845325986,20052.3788738542,9250.36167224575,31013.7866954622,861.971357714461,1520.09539909056,4024.99920023499,12637.6239072387,1310.13902030715,10223.642172524,82393.200132465,40546.0923426982,4285.5674053857,16656.3118371862,30490.1669071372,24488.2168993198,12293.6848384989,21729.7032316452,47077.1411934479,31546.8113975577,21623.035207972,37147.6870408369,14717.3438015502,14969.6217034426,12143.537863793,265.419994604836,26605.5984270761,1680.97331110407,77261.2116839756,12692.9537706124,9141.96397739045,7571.17613251327,50134.4162901104,1559.75093897007,45797.7170161933,14434.7044709346,18183.5414215341,26203.5861283825,30310.7217906642
"GSM856239","wild-type",33763.8680385193,6122.24401034235,4061.44961047808,23926.5989518189,48362.7449954845,2104.79050318525,16474.1066407648,2197.64290821002,3795.51398551356,7566.60024741956,15974.9985804207,9653.67313114789,22418.1580096028,34419.582044161,18099.7463649833,7034.56285999175,742.575338636195,69666.8033537782,2236.47013946586,7008.81560863664,29392.9712460064,29067.2259631306,35278.99798797,8711.33876078402,19213.296319307,172801.940232311,14055.9012218318,17684.1567000937,17685.4330857121,45697.3594268209,8073.27001356852,40396.9499270515,12949.5943948882,5924.23293376239,17252.6980861464,50656.1102558463,14607.959287018,14626.8283535442,2989.92793860314,40455.1784306159,12623.3761070303,60731.3571181912,20340.6332295393,73142.481267517,8297.87499532075,8186.8861162729,37578.028659102,19501.1893506307,26401.9944828794,24142.3275801006
"GSM856240","wild-type",12833.6567683351,10766.134810625,9467.21687797151,3527.86958564221,5098.66069716274,1644.54297982208,8371.24891365472,4134.86083232808,9418.82341465131,13870.1330588424,3331.27932482707,10288.6415979681,14072.457442165,7502.7191417016,9611.76263780417,4167.41236928898,5477.58514499876,490.037836155777,765.520736990067,3185.43604937426,10974.8067214594,2953.96842918645,6104.56235713007,5809.11699552282,12109.7635866735,11598.7267225457,17627.9054772881,9950.00142041419,14791.2817225386,13304.1342818806,20122.1166892809,15064.5525366807,5911.30909980118,8224.11674420606,7208.83458568018,6293.52686753171,1994.39660136204,24559.8881678392,5456.27402620665,7688.37139070181,16523.0384897008,12449.7918976391,14325.2957272875,9623.6343876909,34657.6658639149,5680.9131935227,14406.0262501314,19205.2964823424,9085.73430247833,9618.56302977357
"GSM856241","wild-type",9144.66698399912,24171.7486334113,28985.1532508559,20605.6621138681,10190.3476747876,3154.37936744029,10313.8898829303,61.4209868141426,5185.94980198883,27126.4389525276,40042.6504701436,41692.675262059,9847.22828459188,12634.7691105503,77408.9048492002,3217.78290740017,725.102977727108,46706.2768466574,37701.2431220705,1391.48752156806,16262.2247152647,8676.4543547853,31723.7092985284,4823.01588043407,10008.8704377399,9375.54386575569,16170.7340662175,13962.6715150138,21795.6936536068,9367.32575508241,18236.092265943,85886.5306796598,10089.6265030779,27440.8174389527,15099.2469193104,15127.1900887032,53.6361356110812,22298.2418256828,564.917260289072,45509.4542221029,48472.4389621663,24726.9224477927,24951.3197285914,8129.3256306126,2938.5707690196,7539.15582691797,11844.1051917139,13682.7334953039,18506.7103073824,31255.164923382
"GSM856242","mutated",6142.21376002343,14514.0725262692,21544.3640658281,23334.1705209282,7419.16587340607,4877.50119271462,22148.6631562804,11768.2610735897,14567.9934308104,14056.6420821017,3819.19397341286,4756.88241244969,6058.48974247054,4065.51283540481,2812.586323799,21103.6885799752,3442.05509909013,2200.08084897237,323.974646371223,12964.3822009479,7862.83930444114,3152.66585715863,10112.8211610783,10697.5613859628,13916.1725677224,6158.66564115808,5719.07540539669,8252.60646004375,1018.13793883631,8633.12995265703,909.090909090909,2835.35662179646,9643.08876532315,14717.3438015502,9663.3507700156,7869.65764973242,27161.1813201115,15138.2559183534,33509.2384639762,11807.2915792829,10131.8331063776,7088.20268624707,5450.2603429493,14850.1401361322,3662.29520470171,21375.0995487125,15792.1402556185,1537.25591727945,16830.5017952535,7405.02443746606
"GSM856243","mutated",1084.72776536927,8879.91779033351,2786.79040540767,6616.84148868086,11654.828777751,21104.0327786041,10045.4986963857,34211.4896554774,26001.7094604805,2984.14437214925,19771.0586696334,5962.24628166771,9026.62592754256,7851.19167045058,19468.3709600462,21775.7340453119,23915.2939943127,846.296797159235,9241.11551786302,19163.9942970419,8531.08309148111,15233.4694778673,3191.85917896533,19324.7777767392,5458.73091688723,12423.9991466571,1824.68809439376,11753.927445243,6457.63414910064,4708.97997417656,3012.21166892809,37258.7882291409,9579.29765992962,2003.43309059438,7129.38687272895,8844.65948244264,29054.2214005026,12490.1976383412,3265.4973338661,2139.15406942604,24378.6880303226,14258.1923265662,6068.95013596164,12397.7578218841,2851.22471643728,6827.71436156092,6605.55019166611,7887.394270312,5959.77646904282,9741.04549854792
"GSM856244","mutated",4238.21903262422,4629.80541344285,6187.8417052389,8873.91036975044,8549.78015349157,14318.1881963349,9853.79070599663,8661.58756053038,6586.77990576379,26182.0894676702,16218.9559047136,15002.4753008029,3134.00261894369,7381.28174531938,17773.2854523995,19142.3384990741,13606.6010579515,2621.77512934382,4546.09584424135,12947.2562006825,10760.1882789064,4013.68804503808,8585.36379820708,14847.5983063363,14964.8235070191,8786.06356281895,1129.63022663529,7620.52214425726,6052.2644141936,8924.27656396364,22645.8616010855,3406.55710628458,4465.37737754766,11422.9156406444,8960.86572918366,8687.04640422256,33755.2709334738,4239.16625941879,17608.8843573033,9701.69286780867,10267.6752114664,7724.32344014104,13639.0540158007,4039.63850597724,2508.07950986387,3875.76320679586,7771.79783766215,3109.18678006144,7648.98414922498,9006.15068590182
"GSM856245","mutated",503.460144264216,14036.3941899617,10937.2816105758,11423.0214350619,3952.35554811692,10703.5613055314,881.856755789581,23131.1436342061,14871.8264441863,7823.93548204319,1390.13613239312,14819.5182849394,7996.50807507639,6890.25227299127,7219.80864368047,15734.6296992962,55387.3840818056,1010.61215468328,603.533413804455,19048.3937952501,13247.8111357706,2799.42598520808,9196.34674335556,24545.0381822091,14433.3154966906,7051.30724274799,12103.5494374416,7279.6227379904,405.369734907048,11823.0841287121,909.090909090909,5945.99058551491,5602.98542373242,7985.04358303728,4344.53546085946,4108.93629499304,19569.301831043,2761.70884996988,2176.9982225774,32292.8376088452,16181.7766159412,8960.2151905636,1621.24604338763,600.5834238975,648.856390611547,13942.1290151314,9626.32278293455,957.028495870214,3772.49540239951,9924.03135551201
"GSM856246","mutated",4050.56570612574,1412.21313272476,945.817032577087,25716.4003381014,36167.4529535446,12538.9386243089,6965.39031746843,7401.22891110418,9874.57293471508,15355.1226237806,6227.22101061425,14776.4695753245,6294.19467481449,6610.41827263224,9310.41410311142,12794.4307884481,6504.08634840761,827.393260452929,1473.56210123685,15353.4592379786,6550.74018974221,4958.6047025058,5635.79095955925,24456.2423472011,9901.13232753822,7225.34428456741,1314.03333440794,8671.62864691344,5778.87552320977,10924.3271981569,5834.46404341927,4989.401822336,4486.6410793455,12283.579020852,8651.43779453149,6923.97918041199,15952.8065107959,7978.27001102411,19896.1103379859,9370.33370803483,8541.48651021632,6906.45389942022,19600.7788843425,3217.4111994509,11885.3021549519,6753.38465622511,4684.10939785296,3166.97835589902,3803.96707242315,7269.26073713787
"GSM856247","mutated",12911.4642451759,2730.11541443495,2426.73762782213,13976.3045315769,17050.7442702177,6280.69486150478,6019.63089821584,24445.5527520287,9778.62566733323,13818.1938371753,13333.5296208356,10353.2146623905,8171.10432125709,13310.5946208513,4878.07940533889,12626.4194221139,9015.73822908886,287.915405219121,2335.75269238607,20919.4093242508,17681.6330512402,2622.80604923281,7368.66500226485,52903.6238047613,6909.60413427042,11840.1329418436,2381.76601437828,5880.51475810346,11076.9636864135,4164.66239651637,909.090909090909,4617.77741074132,4252.7403595692,15004.2315949527,3608.59875141647,13602.3751924346,19600.8524990495,3807.29409357988,24387.8914807721,18795.1948727413,8687.26828153111,12876.9015466822,14303.8506738036,4297.03140193331,10724.8474563582,17170.1619325723,8785.09497270789,2841.0338681751,3004.17615377879,4897.82305857909
"GSM856248","mutated",8421.51514041961,1752.09964125132,2054.47200476572,3983.03818993923,4663.6749409849,15536.1603008447,7821.68600787281,12050.7976129348,12401.1843091037,6095.77592475423,10860.3070917974,11267.9997417077,4766.4775207333,8479.4981995586,1293.28746138972,13466.4762537848,6608.92051386214,437.689580661391,1951.68597451051,20397.0663161545,9843.18220618004,4247.70946020532,6267.84228212664,12562.2739211306,12813.6525733248,10178.3598973743,1623.52106773268,6867.7026220846,2517.06323767865,12721.8410592673,2713.70420624152,5051.33922426845,2945.02269900167,4279.40958492118,11921.3384012611,7231.87449600469,16871.7197164857,22855.129618475,11877.0409358337,7554.14995889469,8458.65595833292,5198.01530324785,17123.8752069448,950.923754504376,2052.63223568461,9269.976108309,6213.61450735596,6333.95671179804,4303.4087923636,3245.04757632281
"GSM856249","mutated",8339.13075317638,15028.4953499851,14071.9119480981,3224.56291715097,7268.35918839852,19734.5157578649,16691.375696539,16976.760755429,27057.1294016808,2197.9734260055,1571.00104523095,29714.3718117049,8005.23788738542,13416.1923568359,8757.94178950805,18419.1591396357,20910.0479179498,549.656682691049,2474.22572672216,18667.3402893438,9296.88071604517,4296.27994259852,8890.85527078132,26269.5467673643,9247.52112564778,24426.9409340736,2697.70140881395,9097.75290474702,12057.3928127003,4797.58981240031,22686.5671641791,5436.72750295923,2679.22642652859,2620.24184640984,13602.2847489661,7895.31559269848,16197.3241878464,5296.11656002455,1928.98576684073,18451.2524537355,10264.3619893911,15394.122244234,3805.4247407293,4111.1365326317,3443.9300732459,2835.1473320945,15199.4570256861,3647.80426686763,6992.1840791663,7137.92411399429
"GSM856250","mutated",8188.09270989711,2922.41156520493,3307.87181216463,3951.33075279297,7336.35295389325,10327.5054022956,13892.4390368591,6135.95658273284,11841.4919160429,19496.0951148801,5554.23528842696,12441.0770787146,8363.16019205587,5892.35366793736,1782.97883026544,12308.6587944819,13755.1161256787,756.141468252237,1575.45735291812,15002.3762325368,9160.30534351145,1717.62887735953,7184.31669984936,14020.3950012618,12960.8946572671,8539.04324539784,10949.4180985847,9587.79580125565,7155.24718126626,18519.4561887643,8833.10719131614,3613.01511272607,5156.44768597765,15558.8813288643,7534.98835463787,8096.91371600323,12466.4576960756,18877.3596699587,21122.394146906,7344.42897169606,13090.5404196527,8087.82101379473,9210.65047136227,4797.51758851456,836.026503287955,3907.61879479692,10639.6199179803,10642.8966062475,7881.60084070409,4763.53505064576
"GSM856251","mutated",8586.28391490608,2398.80261963699,2344.86633040632,6191.29430592837,6522.17119784094,10276.9904302192,7463.83109247993,11354.2836224624,20028.9920659605,15194.5832113549,2347.03770612817,9933.48974364493,10580.5325185509,11040.2432971837,6504.10587378519,13294.8124664434,2917.88427181752,905.915643694507,1416.08272849357,16398.1452541712,7731.14162378363,3029.03190197594,8722.30825143002,12020.1519810818,8382.02497369395,14400.1616860259,2168.99319771753,10326.4111815005,6052.2644141936,6076.10319248589,6431.4789687924,3757.53571723511,9324.13323835547,9735.05912279276,16232.4221935095,8800.67443735797,21486.004912439,5489.32252895248,3348.16815244499,10980.9908897203,5301.15532053767,5397.93896875738,6229.78803709136,4461.47686323857,3113.26287418425,5808.33554552694,6567.31256392853,5000.12714146684,2178.38689902794,7930.37093004037
"GSM856252","mutated",5592.9845117352,2085.86206854317,4249.16556864139,3949.66194031158,5827.41438887552,13874.7789969972,4294.25898471448,4147.14502969091,9354.85856973008,9797.62590539507,6822.39275867363,14313.695946964,7088.60759493671,7228.1650281418,17107.8074382863,11377.2914376294,4197.73470840814,242.837740765622,3354.70520919879,15623.1937421595,12043.0212423481,4216.80097140965,6425.85511276849,8701.99183078318,8461.03292117521,6080.06826743318,2276.024372159,8515.38308570779,6137.10924242995,13924.4031494468,1818.18181818182,6269.44146227324,5241.50249316904,15195.4901238877,7923.86400224126,4255.55311194194,10971.7447992668,3557.26283967314,20075.2304449068,2302.73643944097,7686.67521477962,6424.81961432907,15708.5016770032,2009.09454899045,4011.67941503101,6827.71436156092,2284.69825732012,4006.11203706058,3251.84451353008,4534.80272944065
"GSM856253","mutated",1684.30302808392,1847.63530851284,1470.5170602143,6061.96133862124,4133.67225610288,17994.5556085651,7016.51244823884,5091.79980689242,12513.1227877159,7533.54801544956,3869.6679025769,11031.2318388256,8537.75643823658,8738.21265272073,4620.6775319555,10792.9040764671,6469.14162658944,2428.37740765622,300.460357521698,15045.1912332005,7740.89700753603,3051.10939397284,5688.46190310653,9594.62364586352,8744.74327803974,7539.733779467,1515.20036106902,17584.7277065992,11086.3908895509,12316.7675131016,1777.4762550882,5051.33922426845,5645.51282732811,11351.1936922937,17373.9603848614,6385.16237812477,9244.34572590988,9023.8552546341,24070.9866762197,10058.2185460463,3664.42361532166,19301.7211610112,11741.16678247,9780.93004633072,1809.31108920528,8675.33846562251,7915.18894167806,973.210137104735,2315.22024695683,8330.2835690506
"GSM856254","mutated",4686.75625205961,6785.48200806174,8657.55045601408,4756.11557193959,6720.05048972945,11820.5034658884,9150.86140790348,11219.1574514713,13560.547123301,14103.8595563446,3688.80298973907,7479.71329559397,4295.06765604539,9915.62740894835,1362.34650059014,12637.3766851357,15463.0394045419,340.263660713507,1436.98431858204,14796.8642293514,8389.63002707119,4013.68804503808,10418.3126336525,15469.1691513922,12630.4977859818,9285.71829578437,2860.18246880944,6754.06948666231,7513.48090048644,4139.34529988101,5658.07327001357,4390.67360365568,5815.62244171088,18332.1299984221,14480.3910500061,6894.65581702221,13511.5735737915,2375.29691211401,1295.17615773592,12939.7849101555,9502.32091206377,5125.31578851711,9580.57764396064,1251.21546645313,2888.65873897256,1582.16087071941,6357.00561137187,16886.6984597389,4163.15461073649,6866.3967133379
"GSM856255","mutated",1679.72611768152,7998.05009253487,5812.40978891227,3383.93450912298,5822.18409922208,12095.5294249712,3757.47661162517,13660.0274674653,10866.0280309942,5170.31342959402,35521.0276491978,4778.40676725715,12178.0881711043,5380.20464841234,6196.47924461967,10953.6106007867,45297.0956568079,1270.89931394703,1484.01289628108,18170.6862816456,13169.7680657513,4150.56849541892,6731.34658534273,15782.2913064204,22481.3523287593,7051.30724274799,4736.45185209065,8245.50438907986,7720.87936950865,6190.030127345,976.933514246947,4507.66647397253,1499.09097674814,9730.27765956938,5557.15844800984,3998.97368228136,14868.2522980718,14945.0499494255,5084.25534260165,5414.99588946865,14501.9730237459,6088.58435869941,7758.82035049795,5626.89469770634,1559.75093897007,1996.28351473321,5114.28270990068,22487.8579899165,4201.46794815658,10951.1132623427
"GSM856256","mutated",6970.63454285819,1019.65952557967,1181.02738979377,2562.87876828288,6604.11240241151,12460.3597788567,3591.32968662134,15465.8044798011,10762.0851579972,16068.1064848479,5333.41184833425,13635.6787705289,7385.42121344391,6409.78257426161,16969.6893598855,23032.166871811,9325.87263522515,741.600286170463,2210.34315185528,13794.9932138224,9462.72223983611,4049.01203223314,4434.8934466812,12679.1105461411,10558.3347997687,6456.21284168805,1548.72819884587,5773.98369364507,6712.16863380972,11886.3768703005,2713.70420624152,4879.29088556721,4167.68555237781,14052.7204135009,11097.5910617141,7646.06700388535,18421.6462823059,18559.1380740774,34611.516045028,6916.59815781085,9823.70345337137,4834.51772959415,9832.55702239721,3875.19304467197,5727.40544789808,7560.39288558535,5793.00060224264,3203.96496443506,6776.6715561783,2198.78166835879
"GSM856257","mutated",4435.0261799275,2955.48160387238,3615.90691459648,3152.80398045153,7794.87501351158,9872.87065360761,5623.43438474516,25673.9724883116,14951.7825003378,3137.60116343857,1831.78301257852,2916.55007641146,4626.80052378874,6330.5842722732,11250.345295196,19792.4694383672,5875.08135568048,1166.20280295826,582.631823715989,16813.4507606085,8340.85310830915,2556.57357324208,9875.80191511551,13543.7015712189,10177.6601437226,9117.29535208816,3788.64566878365,10425.840174995,1564.91572080395,1936.75789260488,15603.7991858887,3950.2298565805,5613.61727463134,6627.10802759861,16014.9863475377,8129.90249981673,25930.7052678573,9239.79133755356,55940.5872383813,5310.13539586934,5900.84851617349,12031.7696879373,9081.9801504585,2466.68191957902,867.221522067356,6721.52906822405,7379.86215335201,7233.19363183068,8018.43418863298,5367.09324014828
"GSM856258","mutated",5689.09963018564,911.87569584873,654.065724106393,2901.23049888315,6877.83089427492,19414.5876013807,2952.30305199121,11972.1787498127,30615.1739004243,18025.2707922148,2172.48203443584,11547.8163542048,7760.80314273243,9361.23929502951,5951.63356018181,7662.77927324127,1589.98484272691,222.480085851139,2048.35582866967,22131.0738430316,12999.0488500841,3373.44077712772,5009.00673134659,9085.21596081767,12397.0652138781,8370.62030170163,995.518875527902,10035.2262719809,6495.34296165014,3164.63707941973,773.405698778833,9923.74817628761,1934.99686360398,12536.9965716909,8208.20318543514,4105.27087456931,9193.07589039929,1443.36223846163,11436.1299034129,5893.15974028153,9210.7573694342,7142.72732229512,10012.6954716625,1036.72138648973,4167.65450892801,5925.1393681975,7838.71368620291,2406.44121787655,3371.57369296786,6804.41763275329
"GSM856259","mutated",8851.7447182454,1621.65671095194,2345.77098562639,2388.07066085809,6317.3181864145,11270.4515477226,7489.39215786514,3416.23528660261,11089.9049882185,20690.6972132247,7200.94722740398,9653.67313114789,6922.74116106504,6821.61374460132,11300.5700509781,9605.86724910607,6290.0499272713,574.376692230065,2482.06382300534,12326.4386910598,6238.56790966515,3082.01788276852,8095.52402321735,3215.34392028938,13237.4224734515,6731.30364972519,1347.56117218479,10440.0443169228,4732.45597496135,2557.02676017114,11492.5373134328,4156.68786302199,5230.87064227011,13306.8121506543,9943.5084946331,5809.69137160032,10131.7082635932,2670.7883940038,14398.5009024898,7147.29124372934,7474.62900195811,2726.23180240272,7483.25141322902,2345.13527426643,4910.09595587777,3546.58879745155,6548.19375005975,3347.28807251225,3008.28115421666,10294.4301466248
"GSM856260","mutated",8229.28490351873,1065.59013484002,1119.96316243944,9545.60739350682,12840.3610991977,15311.6493138383,9853.79070599663,8575.59817899058,9402.832203421,8253.61449765329,2586.78886965739,9944.25192104867,10641.6412047141,17175.4717578855,3923.80904547852,9467.07525083001,1297.32279749971,476.95077228218,577.406426193873,13739.3337129597,9945.61373558032,3505.90572910917,16101.5074424043,8786.11420079075,9908.31486821833,9128.52354833458,1927.85067216867,14282.264708389,5788.30272634715,3746.93030203296,1465.40027137042,6104.27505712005,1488.45912584922,13746.7067672049,15341.7715167405,16703.3208709039,11531.7691563825,13513.0527679596,41418.0801080232,8804.08704259853,7554.14633176618,1708.43859617237,9905.47020424269,4025.33890064634,5109.74407606593,12041.4122644014,10180.7683851294,2096.67837138716,1462.74848935984,2817.09678181003
"GSM856261","mutated",5405.33118523672,665.075222089806,643.209861465623,1738.90260560037,10024.7218357619,15485.6453287683,5572.31225397475,9114.87444321876,15671.3870057017,6619.88988885007,7367.09057756897,5962.24628166771,12789.1750327368,9245.08178544652,4652.06800431933,12809.0404724772,5171.81882908973,264.649513888283,1290.67318796277,13503.8512093097,3238.78740579958,459.21183353571,921.741512077447,15609.3731014048,12623.3152453017,9296.94649203079,1537.12240884619,9530.9792335445,6721.59583694709,13418.0612167397,909.090909090909,1995.7607289344,3115.13231338444,12474.837549787,10332.3841422365,3599.44285609559,16169.7173533407,17718.1238563911,10898.7695826501,5796.68808617016,13146.8651949334,7169.98964031915,9321.09249680469,2087.74237831036,1447.44887136422,4130.60791080435,869.906031029835,1511.82762391092,3790.28373763027,3979.9423889689
"GSM856262","mutated",1231.18889824613,1580.01295855589,885.205132832788,6445.78820933918,6264.14357493785,16630.6513625011,6556.41327130515,4014.47569817236,9146.97282373607,3583.80629503367,1844.40149486954,2367.67902882111,2522.91575731122,13542.9096400173,7659.27525677406,10880.5621806414,3315.38048249925,264.649513888283,1554.55576282966,10074.3696561527,10648.0013657537,4049.01203223314,6741.88077405219,6884.01394561956,6686.94537318686,11795.2201568579,1213.4498210774,7073.6626800375,5241.5249443795,1151.92789690878,3568.5210312076,3069.34236243015,2275.21609236952,12130.5721977039,17934.2758340965,8115.24081812184,11792.0621674362,4455.10234233825,30505.5320556099,12579.0648121739,4247.55070058081,3716.76269060904,9541.97654768951,6921.00898015215,10980.6466103493,5277.40907884258,9492.49108585303,2147.53495812422,2440.42276031176,4576.12211649706
"GSM856263","mutated",9780.85752993299,886.766962786408,1303.60817211246,2733.93204762457,5005.38719834304,12146.0443970477,4805.48029241859,3489.94047077958,13496.5822783798,12186.8301020842,851.747554643286,8308.40095568135,1876.9096464426,7465.75993410701,14941.8648451822,8079.15526806944,655.21353409076,318.451887590846,1079.04458831706,5249.11908136135,4555.7642123747,2618.39055083343,10075.9515005952,4547.28144540925,4313.11567840892,4659.70144226181,1237.95093329895,12833.4422317548,4053.69734907048,2316.51434213524,4504.74898236092,6001.0460538993,3136.39601518228,10356.6493418316,12197.3146673022,13008.5770837915,3457.55883016433,1682.0284353726,18904.0605150392,3586.22888109659,4989.71244545608,4661.85638210865,7515.41899345497,693.530858548304,3693.49022348111,6413.59171754712,5907.71348545536,1414.73777650379,746.425912952097,14452.9313153732
"GSM856264","mutated",2251.83991798177,48980.4017152327,51958.8725643854,4226.2676091007,8952.51245680652,6870.03620239666,12218.1892541281,6188.778631393,5796.01451042507,15178.0570953699,1503.70247301222,8577.45539077466,8886.94893059799,8373.90046357406,17051.3045880314,10643.1548151692,34896.6728256739,1944.15604433316,51548.5465556792,12013.8891862153,11750.3597297759,3859.14560105972,14300.1611730873,8211.27800573901,7721.23123112339,17560.8989293915,60917.5021760856,44522.8828726457,12896.4138919265,26975.3664649738,1329.71506105834,6482.78140226278,9154.0236239727,23257.037118499,10114.9482962647,24569.3131002126,5367.55739460894,2068.44037322847,8487.53737409923,7369.59549015989,11629.4094844295,4943.56700169026,22967.6522813248,20083.795687239,15934.4155925182,19060.2601539687,401.495091244539,9537.9216762331,4877.4246869253,22489.5520978443
"GSM856265","mutated",2338.8012156274,12566.6146936306,10123.091912518,27330.9764138388,6497.76317945821,2402.26756096876,7157.09830785747,13733.7326516423,22899.4144818008,2337.26497502196,55626.476099543,9201.66168019114,5744.21649934526,6599.85849903378,3515.73290474875,16308.0597974367,19285.1183534047,3687.64377593783,7845.93437945792,13191.3017044652,11428.4320659464,2870.07395959819,6051.89141358278,18932.2067167039,18552.5025767365,19963.7329261241,2629.35620103807,8011.13604727138,10351.0690448358,14164.9155674827,1031.20759837178,3847.00085335976,13119.704009271,1181.02141617378,8404.73173852503,9995.60149549153,15037.8371386068,6591.73305754128,16065.6957438307,8304.95109306579,12338.4390085514,12258.9556714709,11762.6118359539,21084.7680604015,3843.22631362224,21120.254844704,9358.65938877152,41933.5674277432,4823.37551449339,6054.76589615848
"GSM856266","mutated",6847.05796199334,6442.53345891783,5934.53824362094,5265.10337876119,4158.95198942784,12011.3378048438,23413.935892848,15244.6889272702,16055.1760752291,2946.37039275495,11388.180267638,10686.8421619062,18018.332605849,10702.3305420332,11846.7642701087,17016.6294728461,7622.31744658918,434.781344245036,1789.6986513249,14462.9072241751,9604.17530424603,6433.38116789933,12772.7038102161,19254.6758017329,14142.422599146,14102.614485496,2355.97536993456,17627.3401323826,12227.082469173,17557.4065166207,13812.7544097693,9194.26322019435,15692.6119268103,14167.475530862,17018.5364058691,9830.65757642402,30951.2053143945,3034.47021786814,98102.7047136145,9852.69197859168,10247.7958790144,1399.46565856673,7284.88466850236,1422.81073042384,7449.37048452103,9992.03610299973,8259.32759131624,12630.92681506,3632.2412207724,16719.5948338961
"GSM856267","mutated",2242.68609717696,17631.229874738,24276.4228304219,7330.2588244718,11053.3454676053,22063.8172480566,5802.36184244159,11537.3181631685,25306.0917719621,2405.73031267411,27760.6610402256,7458.1889407865,7254.47402880838,6763.53498980982,5374.04886868738,12056.6417449807,32441.8061179472,997.525090809682,32893.8774017233,11572.8946793799,8721.31307465308,1695.55138536262,8453.68643933888,15057.9042313552,12788.5136809444,12569.9656978605,14507.237499597,15191.3297917673,10237.9426071873,2544.36821185346,719.131614654003,27156.109780604,12875.1714385957,7377.79775366858,4173.09565922785,5802.36053075288,12194.3331845193,6716.74868449465,14977.196632542,7705.1490696777,10111.9537739256,15803.0570145944,12631.1365020544,22493.2791854945,929.611559626159,286.700292009557,4320.85193434599,10911.0495181338,27647.1779490323,15258.6593629731
"GSM856268","mutated",9144.66698399912,4155.18911775261,5848.59599771484,4831.21213360179,7239.59259530459,15552.9986248702,6978.17085016104,4796.97907018453,9658.69158310593,6969.29919824729,7030.59771647532,6102.15458791623,5639.45875163684,10121.5429941182,10779.4882097386,14160.4362451651,7478.17046908921,1096.40512896574,5272.42609981554,13298.3392061243,16852.4254322854,4009.2725466387,4624.50884345142,8851.54271079664,10450.596689567,16926.5058414691,4015.60333988846,9722.73514956961,5995.70119536936,12177.5234816071,25685.210312076,3619.89704627412,1934.99686360398,1850.42626744636,7965.67858800507,14093.5415292134,32556.3455492261,16240.6664469422,28948.5649723742,7772.25978558126,4085.20281888934,20337.6892459243,10990.5899105312,4282.73179660241,6370.02283475375,6371.11760021237,6443.04027378142,9561.03830656813,6072.66398108416,4458.06672490733
"GSM856269","mutated",5409.90809563912,7018.19709498083,10041.6729427123,3458.61386766484,7301.48435620365,8806.44346532709,12639.946832984,10506.6740044272,15047.7297677197,8867.44166281057,4092.59442305144,11870.6816763168,10100.3928415539,4197.51000538548,4313.05090278999,12392.664477649,9566.1175977251,1204.00987637087,2795.58767433232,15764.4832443495,11891.8127941858,3713.43415388012,10054.8831231763,12375.3353211138,12440.1604579588,8449.21767542653,2697.70140881395,9992.61384619755,11105.2452958256,8266.03205144434,1614.6540027137,4218.62526495444,2849.33604091136,12517.8707187974,13008.5176311201,11362.8033135401,21367.6899074146,2284.37645614793,23850.5311600094,10074.9962250222,13040.8420885227,11695.5344323077,9914.04822563627,16458.8457358577,1004.47960469672,5903.90230953013,8345.36225372578,13197.2842582682,11234.0178649619,6104.93943758411
"GSM856270","wild-type",1528.68807440226,10766.134810625,11566.0169885204,3609.22419410959,11611.243030639,11887.8567619903,14991.5648484229,11430.4456461119,16263.0618212231,8470.81487917048,1102.01412008168,38926.7956692998,3579.2230467045,13527.0699796196,4752.51751588358,10255.9981883992,9867.51582340685,3904.30738895626,2314.85110229761,24443.0838788678,12511.2796624637,3991.61055304118,3402.54295315446,9977.84777589801,8967.4020391233,10868.8939665287,5114.28479319127,17527.9111388881,12057.3928127003,4569.73594268209,3324.28765264586,10818.3995375341,8133.36593767609,18910.6870484506,9721.89119008493,8294.84641888425,7114.67563546989,10285.3765811636,7826.17082546812,42195.8626243645,4187.91270322476,12177.1687173988,7185.16516980193,7299.94852142081,1285.23477371133,12211.3087337404,5238.5550000478,871.496963630606,4419.03297136352,2861.36755365618
"GSM856271","wild-type",104994.324631101,18555.9661411797,15727.4310008155,43021.985770036,53209.4800743399,1167.45713243342,6556.41327130515,1067.4967508298,3883.46564728025,9025.62020152418,63702.3047657905,27056.1139929831,30126.582278481,12993.8014128977,13290.7259988448,6161.63423925549,1135.70345909065,91260.4587452123,2975.86388884534,3480.85955395332,12730.7757968929,3744.34264267579,39977.2461523876,3472.38449531251,24345.221635249,11671.7099981473,17331.3130661852,12975.4836510326,15158.9426448961,2898.80756474847,2008.14111261872,6021.69185454345,6017.62760879041,12044.5058596832,11202.1275261237,19899.56748039,291.449295710213,43471.3430087852,5346.04626810146,6228.71331979934,9648.10268337856,28298.2861089402,8853.59033085429,26926.1568380713,4485.84370047791,10469.8699230157,8154.1741150379,24596.0946764712,21284.4272703389,48609.3074870729
"GSM856272","wild-type",32335.8719929699,1508.97361623322,2192.88425343554,45375.011368785,24268.5439919663,1116.94216035697,8856.90915597362,1568.6920032332,6936.98743170753,26630.6554729774,16191.6158597498,22019.4149680363,5307.7258838935,5559.72079958606,26845.1319655458,4733.53762541501,2633.95840704486,2428.37740765622,890.930277520862,6726.23660425667,33212.2039850743,2402.03112926372,16775.6955198095,6617.62644059559,17378.1571755377,24303.4307753631,38105.6771656082,9076.44669185534,6655.60541498548,11278.7665510519,14572.591587517,5595.01197456437,33904.9725166654,29391.6544340899,9692.62098005026,7873.32307015615,7197.496138987,9444.36236347725,3251.71886410295,7755.48210660537,9999.30422336418,5970.44764726195,22109.8501419663,55060.630326603,6756.84106761832,29721.2636049907,11079.3526369624,17813.6753361736,41816.2711270689,8849.72729204543
"GSM856273","wild-type",45750.79638241,45275.3325682315,52198.6061977025,66623.1662879853,42225.8718021137,15081.5255521567,83865.8555288584,574.900436580374,3688.3728702705,27079.2214782847,80653.1326433828,21653.5009363094,7612.39633347883,96621.9284258546,11639.5871525075,2545.73744206347,947.875579317966,97803.9906820105,10273.131528481,663.632510286304,6462.94173597054,63980.5718070427,42379.0411781437,4332.30205538991,16692.2245405867,6001.47089370828,64425.0298204326,32527.4850146303,35418.0021871111,13253.5000886098,27991.8588873813,17342.4725410851,50256.759199209,27225.6515939008,57955.0158686353,15849.2779121765,442.103735441339,16695.2687267727,730.258897446849,42237.8068218043,28765.3940580675,20019.6288689773,29948.0171903549,9094.54899044786,181055.888995645,84629.6787894877,9865.30795629439,32317.049208371,40023.7542692004,47266.4274077397
"GSM856274","wild-type",16572.9925670975,55655.6502610696,58929.2410349799,35387.1686677119,13790.5303862395,4467.76864142789,10301.1093502377,1158.39981131473,2553.79643348016,20131.1701434467,40526.3589579657,28024.709959319,1518.98734177215,13627.387828805,42188.794856985,6753.32644243237,506.698466363521,22800.5735042213,63148.9290547778,252.608503915432,28602.7851620613,103940.832321448,14948.0137787188,8211.27800573901,13952.085271123,10279.413663592,52638.7053096489,23294.7927615693,25821.1093932652,18392.8707055875,41492.5373134328,33824.7033886641,25920.4524915743,28679.216413807,16462.4024152105,12565.0612125211,368.354048976102,16013.365307027,1419.18238560425,18153.4486519135,31107.8420653301,11386.561494702,31427.7258807483,10324.3150489047,28549.6811869081,21523.7589593841,23669.091569559,37333.3579910724,7984.22585165076,36065.9221306637
"GSM856275","wild-type",13717.0004759987,2207.73128511395,2736.12971308407,4831.21213360179,7151.54938613834,7695.11407964527,8077.29666172486,1450.76370855005,9362.85417534523,17468.1045961489,10153.6720835007,9513.76482489937,1457.8786556089,5654.75876197214,32438.91414078,5288.70561851924,1860.80643681776,1768.20774114369,23618.7967999666,500.9355077645,20393.6297344097,2918.64444199139,13020.2572448883,6337.21854057035,21213.633898719,23057.1009920111,25120.0876881911,11086.3327746371,9238.65907462574,24000.6076103192,15576.6621438263,12993.0905387178,1243.92655517399,32796.0562491334,14196.0518668122,18693.6441609853,296.576279261273,52324.7224084829,1060.9421717624,5188.49722329413,11778.5044778196,16039.3304374693,18024.5674532712,2223.58862895384,7149.89830423878,27555.0836209185,15189.8976187517,15035.0563699031,12239.7429722392,9060.75130451208
"GSM856276","wild-type",1688.87993848632,3657.91372149393,3787.33907879864,2299.20639622448,5959.04334515379,1100.10383633149,10313.8898829303,8241.46801072165,9146.97282373607,14916.0001133219,24437.7940369259,7953.24910135819,11593.190746399,15274.7125101638,7546.26955626428,4952.68288585089,11579.8071924974,546.748446274695,2772.0733854828,4893.7545758532,10784.5767382874,4945.35820730765,19920.1508495823,5187.54615046688,16685.0419999066,15820.5285111973,25442.4707437377,16910.0309650294,31373.732041178,28405.7824248715,25169.6065128901,56741.5421036695,16447.4733406339,18379.9446306559,14605.8348072975,9438.4575910857,1250.98398645845,23321.0969553012,3733.96530581314,11979.2627887858,13262.8279675702,23209.3200777885,18024.5674532712,4125.43613796259,3918.0943586928,10979.5593310327,8077.69885956275,19441.0861117597,15044.8266047815,19154.4872854343
"GSM856277","wild-type",31274.0287796126,8512.47291625074,6897.99605298928,7417.87147974437,5529.28787862938,5837.28566216709,47939.7781299525,4573.40667818106,7966.02187437784,50593.5236512328,9709.92212293346,15960.309089735,9978.17546922741,12296.8563553997,15023.4800733281,13236.3737303271,2398.08153477218,3718.18025830956,4258.69898052494,822.048012741744,12374.70428993,5726.90142399823,10997.6930126726,5080.0564554572,13664.7836439184,15719.4747449796,14017.2152551662,20553.3933695065,20796.4101210453,23582.8755158358,18968.7924016282,14493.3520521926,3923.15298170258,62398.0950650518,11197.9460675473,6784.69320431053,527.290539058938,38288.8770187182,1184.94839963074,11756.9585423553,2276.18356575586,22836.7350647934,6872.06738893607,24473.7745238231,2707.72763005203,63010.3530661003,21862.3636589586,29381.2371558223,32710.0118224013,7371.08351238401
"GSM856278","wild-type",14980.2277470616,11501.0245587906,13587.9214053638,8873.91036975044,6357.41707375754,2744.64681615357,15055.4675118859,5922.21154861963,4750.18929596294,29463.7039275495,7722.51116209913,16745.9480402075,10091.6630292449,7534.39846249696,9021.6217573642,11884.9779576392,8587.66538681623,309.727178341782,4948.45145344432,7710.98161952021,12057.6543179767,5545.86598962358,19130.0866963731,6295.15735556656,20247.5821772436,16421.2370103805,12839.87233631,11327.8031874094,11906.5575625024,11418.0105825464,1899.59294436906,22042.8331544031,3508.51079664459,29095.2037142406,16341.1401164954,9273.51367201818,8905.17604483981,2863.99436293173,2218.33363186684,8061.67474791537,15784.1899669009,19956.0167935879,15343.9357677758,19082.8233140765,3138.21888920777,19761.083089992,3374.47064784101,17432.2509356456,5868.78229267011,10886.1827969683
"GSM856279","wild-type",29388.341693823,62471.7526753049,50597.3664581889,47018.7916629466,43393.9698247156,8430.38756209132,7169.87884055007,409.063772182189,2225.17704269733,23268.7713068853,54890.3979659007,35612.0450289503,5307.7258838935,46975.1528527228,40223.7512870094,3411.3612207852,2140.36421136315,38505.050152537,52515.2450972708,543.750508428133,28607.6628539375,108930.34551275,36005.8570089225,3696.7108153327,17575.6770442409,11284.3372276461,59086.3664205809,19580.4096474532,13113.2395640861,18975.1639282007,98208.9552238806,8217.02865637129,33947.4999202611,29157.3627361445,40221.4500462051,12836.3023238765,232.291793197991,16058.8255350101,1019.60676247296,9890.44175628744,36346.0461664364,20092.328383708,37818.3518189694,34354.8018074701,49855.8790132392,26705.6012742235,42787.9054383466,30051.6194355381,40256.3709606796,24732.6045380493
"GSM856280","wild-type",32573.8713338948,18408.9881915466,16130.0025737441,37327.1631773188,8616.03048910182,505.14972076446,12243.7503195133,676.859274691851,3837.89069527388,31848.1863768143,23028.7301810963,25409.500850212,9166.30292448712,14408.8110750905,8111.29805881319,6541.48602401102,2970.30135454478,177.40242139764,20279.7677833341,590.847009158129,24525.0347535546,4309.52643779667,23359.5634632199,4477.17947040295,13065.0414971288,15438.7698388192,14726.4579773687,42846.7941251669,25905.9542215016,10202.7899440492,2293.08005427408,46397.9959809508,23188.066810551,20292.5299200061,16838.7336870847,50546.1476431347,420.412651186857,12887.9746331928,854.265125315182,10070.8018052783,23282.0115233864,23236.5823958125,8792.47192842499,12690.8997311674,1048.15263098788,51351.2078577117,34490.3402192928,6121.28371271577,41857.3211314476,39873.2085094326
